estimator_id,delay_gradient_mode,delay_gradient_sigma,intervention_rank,granularity,delay_tying,independent_delay_parameters,perturbation_delay_steps,seed,raw_gradient_mean,raw_gradient_min,raw_gradient_max,mean_gradient_target_directed,target_directed_coordinate_fraction,nonzero_coordinate_fraction,gradient_norm,exact_interface_patterns,forward_record_sha256,updates,test_split_opened
legacy_right_linear,right_linear,0.75,0,global,global,1,3.0,2503,-0.013927876949310303,-0.013927876949310303,-0.013927876949310303,True,1.0,1.0,0.013927876949310303,0,dc39ec1223655fa33bff11fb4597aee825f695181608c44cbeb438f0741bc9cf,0,False
legacy_right_linear,right_linear,0.75,0,global,global,1,3.0,2521,-0.01083278376609087,-0.01083278376609087,-0.01083278376609087,True,1.0,1.0,0.01083278376609087,0,d80e98cf1cf5b1f2bdf4e1117e10e300dfb64e26f489fd9fe129e02699e5f718,0,False
legacy_right_linear,right_linear,0.75,0,global,global,1,3.0,2539,-0.010091695934534073,-0.010091695934534073,-0.010091695934534073,True,1.0,1.0,0.010091695934534073,0,7bb18c9a45b3c6bc703b0d1a011c210254254aa21a8ad0ec9808daa6ef0c9bac,0,False
legacy_right_linear,right_linear,0.75,0,global,global,1,3.0,2551,-0.011173914186656475,-0.011173914186656475,-0.011173914186656475,True,1.0,1.0,0.011173914186656475,0,871bf310077702dcd26e04cdbd9b32f10291a4a242a03d7297e4e048a58532af,0,False
legacy_right_linear,right_linear,0.75,0,global,global,1,3.0,2579,-0.010325050912797451,-0.010325050912797451,-0.010325050912797451,True,1.0,1.0,0.010325050912797451,0,05d0d66945271e9f67582173e3f931f80a75bd351d39d6db4202cc86224c388a,0,False
legacy_right_linear,right_linear,0.75,0,global,global,1,5.0,2503,-0.003659061389043927,-0.003659061389043927,-0.003659061389043927,False,0.0,1.0,0.003659061389043927,0,871319ce6dd04193d50f062af62e6d1b894175587b491a8de14199ef9d7a9f75,0,False
legacy_right_linear,right_linear,0.75,0,global,global,1,5.0,2521,-0.003566708415746689,-0.003566708415746689,-0.003566708415746689,False,0.0,1.0,0.003566708415746689,0,3ee47cf1edc1477fc68ec5f9b662859ea113a5befc3f7d4d6ccf691241dcc534,0,False
legacy_right_linear,right_linear,0.75,0,global,global,1,5.0,2539,-0.00395831698551774,-0.00395831698551774,-0.00395831698551774,False,0.0,1.0,0.00395831698551774,0,4e0d766bc4db33e2aaaa812e8630fdbfde7d1b7a3b81635fcadc7550d48f9f48,0,False
legacy_right_linear,right_linear,0.75,0,global,global,1,5.0,2551,-0.003279338590800762,-0.003279338590800762,-0.003279338590800762,False,0.0,1.0,0.003279338590800762,0,de2b17c8a956a9ce1746da7bc456c4f760b245508436af2bd652bf1d4d7ebe3e,0,False
legacy_right_linear,right_linear,0.75,0,global,global,1,5.0,2579,-0.003352211322635412,-0.003352211322635412,-0.003352211322635412,False,0.0,1.0,0.003352211322635412,0,8db5a2cf8b6dd11052cf1eb3fe50fffcc2192d74b4f04fe3f85c4e8c0cab4f99,0,False
legacy_right_linear,right_linear,0.75,0,per_hidden,post_neuron,16,3.0,2503,-0.0008704923789082386,-0.0019406803185120225,0.0006356500671245158,True,0.9375,1.0,0.004264717409244006,0,dc39ec1223655fa33bff11fb4597aee825f695181608c44cbeb438f0741bc9cf,0,False
legacy_right_linear,right_linear,0.75,0,per_hidden,post_neuron,16,3.0,2521,-0.0006770490132339546,-0.003102212445810437,0.0019009353127330542,True,0.875,1.0,0.004836937670450642,0,d80e98cf1cf5b1f2bdf4e1117e10e300dfb64e26f489fd9fe129e02699e5f718,0,False
legacy_right_linear,right_linear,0.75,0,per_hidden,post_neuron,16,3.0,2539,-0.0006307310295596835,-0.0034054128918796778,0.0014414102770388126,True,0.6875,1.0,0.005761481068533629,0,7bb18c9a45b3c6bc703b0d1a011c210254254aa21a8ad0ec9808daa6ef0c9bac,0,False
legacy_right_linear,right_linear,0.75,0,per_hidden,post_neuron,16,3.0,2551,-0.0006983696421229979,-0.0023006664123386145,0.0018891846993938088,True,0.875,1.0,0.004724112973978067,0,871bf310077702dcd26e04cdbd9b32f10291a4a242a03d7297e4e048a58532af,0,False
legacy_right_linear,right_linear,0.75,0,per_hidden,post_neuron,16,3.0,2579,-0.0006453156318286801,-0.002546018688008189,0.00047129218000918627,True,0.875,1.0,0.004072161840546694,0,05d0d66945271e9f67582173e3f931f80a75bd351d39d6db4202cc86224c388a,0,False
legacy_right_linear,right_linear,0.75,0,per_hidden,post_neuron,16,5.0,2503,-0.00022869134340908204,-0.0005656470311805606,0.00016228295862674713,False,0.0625,1.0,0.0011487297839951074,0,871319ce6dd04193d50f062af62e6d1b894175587b491a8de14199ef9d7a9f75,0,False
legacy_right_linear,right_linear,0.75,0,per_hidden,post_neuron,16,5.0,2521,-0.00022291928355855362,-0.0009381428826600313,0.00041158840758726,False,0.0625,1.0,0.0014225191316909994,0,3ee47cf1edc1477fc68ec5f9b662859ea113a5befc3f7d4d6ccf691241dcc534,0,False
legacy_right_linear,right_linear,0.75,0,per_hidden,post_neuron,16,5.0,2539,-0.00024739483114899485,-0.0009155982988886535,0.00024264870444312692,False,0.3125,1.0,0.0018395461836176563,0,4e0d766bc4db33e2aaaa812e8630fdbfde7d1b7a3b81635fcadc7550d48f9f48,0,False
legacy_right_linear,right_linear,0.75,0,per_hidden,post_neuron,16,5.0,2551,-0.00020495869381420562,-0.0007243375875987113,0.00041921884985640645,False,0.125,1.0,0.001356466057420741,0,de2b17c8a956a9ce1746da7bc456c4f760b245508436af2bd652bf1d4d7ebe3e,0,False
legacy_right_linear,right_linear,0.75,0,per_hidden,post_neuron,16,5.0,2579,-0.0002095131887926982,-0.000774384243413806,0.0003665591939352453,False,0.125,1.0,0.0014030749249202017,0,8db5a2cf8b6dd11052cf1eb3fe50fffcc2192d74b4f04fe3f85c4e8c0cab4f99,0,False
symmetric_integer,symmetric_integer,0.75,1,global,global,1,3.0,2503,-0.015485396608710289,-0.015485396608710289,-0.015485396608710289,True,1.0,1.0,0.015485396608710289,0,dc39ec1223655fa33bff11fb4597aee825f695181608c44cbeb438f0741bc9cf,0,False
symmetric_integer,symmetric_integer,0.75,1,global,global,1,3.0,2521,-0.011337441392242908,-0.011337441392242908,-0.011337441392242908,True,1.0,1.0,0.011337441392242908,0,d80e98cf1cf5b1f2bdf4e1117e10e300dfb64e26f489fd9fe129e02699e5f718,0,False
symmetric_integer,symmetric_integer,0.75,1,global,global,1,3.0,2539,-0.010312025435268879,-0.010312025435268879,-0.010312025435268879,True,1.0,1.0,0.010312025435268879,0,7bb18c9a45b3c6bc703b0d1a011c210254254aa21a8ad0ec9808daa6ef0c9bac,0,False
symmetric_integer,symmetric_integer,0.75,1,global,global,1,3.0,2551,-0.010542387142777443,-0.010542387142777443,-0.010542387142777443,True,1.0,1.0,0.010542387142777443,0,871bf310077702dcd26e04cdbd9b32f10291a4a242a03d7297e4e048a58532af,0,False
symmetric_integer,symmetric_integer,0.75,1,global,global,1,3.0,2579,-0.011057829484343529,-0.011057829484343529,-0.011057829484343529,True,1.0,1.0,0.011057829484343529,0,05d0d66945271e9f67582173e3f931f80a75bd351d39d6db4202cc86224c388a,0,False
symmetric_integer,symmetric_integer,0.75,1,global,global,1,5.0,2503,0.0009573089191690087,0.0009573089191690087,0.0009573089191690087,True,1.0,1.0,0.0009573089191690087,0,871319ce6dd04193d50f062af62e6d1b894175587b491a8de14199ef9d7a9f75,0,False
symmetric_integer,symmetric_integer,0.75,1,global,global,1,5.0,2521,4.35153633588925e-05,4.35153633588925e-05,4.35153633588925e-05,True,1.0,1.0,4.35153633588925e-05,0,3ee47cf1edc1477fc68ec5f9b662859ea113a5befc3f7d4d6ccf691241dcc534,0,False
symmetric_integer,symmetric_integer,0.75,1,global,global,1,5.0,2539,-0.0004055248573422432,-0.0004055248573422432,-0.0004055248573422432,False,0.0,1.0,0.0004055248573422432,0,4e0d766bc4db33e2aaaa812e8630fdbfde7d1b7a3b81635fcadc7550d48f9f48,0,False
symmetric_integer,symmetric_integer,0.75,1,global,global,1,5.0,2551,3.504311462165788e-05,3.504311462165788e-05,3.504311462165788e-05,True,1.0,1.0,3.504311462165788e-05,0,de2b17c8a956a9ce1746da7bc456c4f760b245508436af2bd652bf1d4d7ebe3e,0,False
symmetric_integer,symmetric_integer,0.75,1,global,global,1,5.0,2579,0.0006549961981363595,0.0006549961981363595,0.0006549961981363595,True,1.0,1.0,0.0006549961981363595,0,8db5a2cf8b6dd11052cf1eb3fe50fffcc2192d74b4f04fe3f85c4e8c0cab4f99,0,False
symmetric_integer,symmetric_integer,0.75,1,per_hidden,post_neuron,16,3.0,2503,-0.0009678372532562207,-0.0026885075494647026,0.0006079740123823285,True,0.9375,1.0,0.005051447130187016,0,dc39ec1223655fa33bff11fb4597aee825f695181608c44cbeb438f0741bc9cf,0,False
symmetric_integer,symmetric_integer,0.75,1,per_hidden,post_neuron,16,3.0,2521,-0.0007085900964511893,-0.002915676450356841,0.0019119068747386336,True,0.8125,1.0,0.004968433695874504,0,d80e98cf1cf5b1f2bdf4e1117e10e300dfb64e26f489fd9fe129e02699e5f718,0,False
symmetric_integer,symmetric_integer,0.75,1,per_hidden,post_neuron,16,3.0,2539,-0.0006445016051657149,-0.0032865554094314575,0.0016980493674054742,True,0.6875,1.0,0.005918567614261738,0,7bb18c9a45b3c6bc703b0d1a011c210254254aa21a8ad0ec9808daa6ef0c9bac,0,False
symmetric_integer,symmetric_integer,0.75,1,per_hidden,post_neuron,16,3.0,2551,-0.0006588991700482438,-0.002362147904932499,0.0016703688306733966,True,0.875,1.0,0.004397553805678018,0,871bf310077702dcd26e04cdbd9b32f10291a4a242a03d7297e4e048a58532af,0,False
symmetric_integer,symmetric_integer,0.75,1,per_hidden,post_neuron,16,3.0,2579,-0.0006911143693741906,-0.002404419705271721,0.00016421164036728442,True,0.875,1.0,0.004006614270558237,0,05d0d66945271e9f67582173e3f931f80a75bd351d39d6db4202cc86224c388a,0,False
symmetric_integer,symmetric_integer,0.75,1,per_hidden,post_neuron,16,5.0,2503,5.983180574276048e-05,-0.00018013533554039896,0.0004516231711022556,True,0.4375,1.0,0.0007447316593251554,0,871319ce6dd04193d50f062af62e6d1b894175587b491a8de14199ef9d7a9f75,0,False
symmetric_integer,symmetric_integer,0.75,1,per_hidden,post_neuron,16,5.0,2521,2.7197081067242834e-06,-0.00013169519661460072,0.00019307008187752217,True,0.375,1.0,0.0003912423711971323,0,3ee47cf1edc1477fc68ec5f9b662859ea113a5befc3f7d4d6ccf691241dcc534,0,False
symmetric_integer,symmetric_integer,0.75,1,per_hidden,post_neuron,16,5.0,2539,-2.5345307122393024e-05,-0.00018947830540128052,0.00041317346040159464,False,0.4375,1.0,0.0005860681689082478,0,4e0d766bc4db33e2aaaa812e8630fdbfde7d1b7a3b81635fcadc7550d48f9f48,0,False
symmetric_integer,symmetric_integer,0.75,1,per_hidden,post_neuron,16,5.0,2551,2.190198870266613e-06,-0.00029624527087435126,0.00017138991097453982,True,0.625,1.0,0.00048221018009404813,0,de2b17c8a956a9ce1746da7bc456c4f760b245508436af2bd652bf1d4d7ebe3e,0,False
symmetric_integer,symmetric_integer,0.75,1,per_hidden,post_neuron,16,5.0,2579,4.093726395471009e-05,-0.00018669033306650817,0.0004038926272187382,True,0.4375,1.0,0.0006084322752576187,0,8db5a2cf8b6dd11052cf1eb3fe50fffcc2192d74b4f04fe3f85c4e8c0cab4f99,0,False
gaussian_ste_s0p50,gaussian_ste,0.5,2,global,global,1,3.0,2503,-0.013301377184689045,-0.013301377184689045,-0.013301377184689045,True,1.0,1.0,0.013301377184689045,0,dc39ec1223655fa33bff11fb4597aee825f695181608c44cbeb438f0741bc9cf,0,False
gaussian_ste_s0p50,gaussian_ste,0.5,2,global,global,1,3.0,2521,-0.009738313965499401,-0.009738313965499401,-0.009738313965499401,True,1.0,1.0,0.009738313965499401,0,d80e98cf1cf5b1f2bdf4e1117e10e300dfb64e26f489fd9fe129e02699e5f718,0,False
gaussian_ste_s0p50,gaussian_ste,0.5,2,global,global,1,3.0,2539,-0.008858634158968925,-0.008858634158968925,-0.008858634158968925,True,1.0,1.0,0.008858634158968925,0,7bb18c9a45b3c6bc703b0d1a011c210254254aa21a8ad0ec9808daa6ef0c9bac,0,False
gaussian_ste_s0p50,gaussian_ste,0.5,2,global,global,1,3.0,2551,-0.00904825422912836,-0.00904825422912836,-0.00904825422912836,True,1.0,1.0,0.00904825422912836,0,871bf310077702dcd26e04cdbd9b32f10291a4a242a03d7297e4e048a58532af,0,False
gaussian_ste_s0p50,gaussian_ste,0.5,2,global,global,1,3.0,2579,-0.009501482360064983,-0.009501482360064983,-0.009501482360064983,True,1.0,1.0,0.009501482360064983,0,05d0d66945271e9f67582173e3f931f80a75bd351d39d6db4202cc86224c388a,0,False
gaussian_ste_s0p50,gaussian_ste,0.5,2,global,global,1,5.0,2503,0.0008313948637805879,0.0008313948637805879,0.0008313948637805879,True,1.0,1.0,0.0008313948637805879,0,871319ce6dd04193d50f062af62e6d1b894175587b491a8de14199ef9d7a9f75,0,False
gaussian_ste_s0p50,gaussian_ste,0.5,2,global,global,1,5.0,2521,4.3025393097195774e-05,4.3025393097195774e-05,4.3025393097195774e-05,True,1.0,1.0,4.3025393097195774e-05,0,3ee47cf1edc1477fc68ec5f9b662859ea113a5befc3f7d4d6ccf691241dcc534,0,False
gaussian_ste_s0p50,gaussian_ste,0.5,2,global,global,1,5.0,2539,-0.00034294152283109725,-0.00034294152283109725,-0.00034294152283109725,False,0.0,1.0,0.00034294152283109725,0,4e0d766bc4db33e2aaaa812e8630fdbfde7d1b7a3b81635fcadc7550d48f9f48,0,False
gaussian_ste_s0p50,gaussian_ste,0.5,2,global,global,1,5.0,2551,3.25732835335657e-05,3.25732835335657e-05,3.25732835335657e-05,True,1.0,1.0,3.25732835335657e-05,0,de2b17c8a956a9ce1746da7bc456c4f760b245508436af2bd652bf1d4d7ebe3e,0,False
gaussian_ste_s0p50,gaussian_ste,0.5,2,global,global,1,5.0,2579,0.0005688996170647442,0.0005688996170647442,0.0005688996170647442,True,1.0,1.0,0.0005688996170647442,0,8db5a2cf8b6dd11052cf1eb3fe50fffcc2192d74b4f04fe3f85c4e8c0cab4f99,0,False
gaussian_ste_s0p50,gaussian_ste,0.5,2,per_hidden,post_neuron,16,3.0,2503,-0.0008313360935972014,-0.0023115873336791992,0.0005216944846324623,True,0.9375,1.0,0.0043410783709901335,0,dc39ec1223655fa33bff11fb4597aee825f695181608c44cbeb438f0741bc9cf,0,False
gaussian_ste_s0p50,gaussian_ste,0.5,2,per_hidden,post_neuron,16,3.0,2521,-0.0006086446562107994,-0.0025016162544488907,0.0016396123683080077,True,0.8125,1.0,0.004265478147231624,0,d80e98cf1cf5b1f2bdf4e1117e10e300dfb64e26f489fd9fe129e02699e5f718,0,False
gaussian_ste_s0p50,gaussian_ste,0.5,2,per_hidden,post_neuron,16,3.0,2539,-0.0005536646706332249,-0.002819695044308901,0.001456708530895412,True,0.6875,1.0,0.005081480546230288,0,7bb18c9a45b3c6bc703b0d1a011c210254254aa21a8ad0ec9808daa6ef0c9bac,0,False
gaussian_ste_s0p50,gaussian_ste,0.5,2,per_hidden,post_neuron,16,3.0,2551,-0.0005655158738591126,-0.0020255688577890396,0.0014325013617053628,True,0.875,1.0,0.0037730454959432084,0,871bf310077702dcd26e04cdbd9b32f10291a4a242a03d7297e4e048a58532af,0,False
gaussian_ste_s0p50,gaussian_ste,0.5,2,per_hidden,post_neuron,16,3.0,2579,-0.0005938426565990085,-0.002062974264845252,0.00014108858886174858,True,0.875,1.0,0.0034407577495193424,0,05d0d66945271e9f67582173e3f931f80a75bd351d39d6db4202cc86224c388a,0,False
gaussian_ste_s0p50,gaussian_ste,0.5,2,per_hidden,post_neuron,16,5.0,2503,5.196217983893803e-05,-0.00015506931231357157,0.000391194480471313,True,0.4375,1.0,0.0006445398946190186,0,871319ce6dd04193d50f062af62e6d1b894175587b491a8de14199ef9d7a9f75,0,False
gaussian_ste_s0p50,gaussian_ste,0.5,2,per_hidden,post_neuron,16,5.0,2521,2.689087409635249e-06,-0.00011358328629285097,0.00016772342496551573,True,0.375,1.0,0.0003380214802240553,0,3ee47cf1edc1477fc68ec5f9b662859ea113a5befc3f7d4d6ccf691241dcc534,0,False
gaussian_ste_s0p50,gaussian_ste,0.5,2,per_hidden,post_neuron,16,5.0,2539,-2.143384487851563e-05,-0.00016327892080880702,0.0003584319492802024,False,0.4375,1.0,0.0005060306772773667,0,4e0d766bc4db33e2aaaa812e8630fdbfde7d1b7a3b81635fcadc7550d48f9f48,0,False
gaussian_ste_s0p50,gaussian_ste,0.5,2,per_hidden,post_neuron,16,5.0,2551,2.0358281744847773e-06,-0.0002545496099628508,0.00014843966346234083,True,0.625,1.0,0.000415738192961831,0,de2b17c8a956a9ce1746da7bc456c4f760b245508436af2bd652bf1d4d7ebe3e,0,False
gaussian_ste_s0p50,gaussian_ste,0.5,2,per_hidden,post_neuron,16,5.0,2579,3.555622637652078e-05,-0.00016005567158572376,0.00034829499782063067,True,0.5,1.0,0.0005246361771036124,0,8db5a2cf8b6dd11052cf1eb3fe50fffcc2192d74b4f04fe3f85c4e8c0cab4f99,0,False
gaussian_ste_s0p75,gaussian_ste,0.75,3,global,global,1,3.0,2503,-0.01502448134124279,-0.01502448134124279,-0.01502448134124279,True,1.0,1.0,0.01502448134124279,0,dc39ec1223655fa33bff11fb4597aee825f695181608c44cbeb438f0741bc9cf,0,False
gaussian_ste_s0p75,gaussian_ste,0.75,3,global,global,1,3.0,2521,-0.010996019467711449,-0.010996019467711449,-0.010996019467711449,True,1.0,1.0,0.010996019467711449,0,d80e98cf1cf5b1f2bdf4e1117e10e300dfb64e26f489fd9fe129e02699e5f718,0,False
gaussian_ste_s0p75,gaussian_ste,0.75,3,global,global,1,3.0,2539,-0.010030325502157211,-0.010030325502157211,-0.010030325502157211,True,1.0,1.0,0.010030325502157211,0,7bb18c9a45b3c6bc703b0d1a011c210254254aa21a8ad0ec9808daa6ef0c9bac,0,False
gaussian_ste_s0p75,gaussian_ste,0.75,3,global,global,1,3.0,2551,-0.010035926476120949,-0.010035926476120949,-0.010035926476120949,True,1.0,1.0,0.010035926476120949,0,871bf310077702dcd26e04cdbd9b32f10291a4a242a03d7297e4e048a58532af,0,False
gaussian_ste_s0p75,gaussian_ste,0.75,3,global,global,1,3.0,2579,-0.010813668370246887,-0.010813668370246887,-0.010813668370246887,True,1.0,1.0,0.010813668370246887,0,05d0d66945271e9f67582173e3f931f80a75bd351d39d6db4202cc86224c388a,0,False
gaussian_ste_s0p75,gaussian_ste,0.75,3,global,global,1,5.0,2503,0.0011769119882956147,0.0011769119882956147,0.0011769119882956147,True,1.0,1.0,0.0011769119882956147,0,871319ce6dd04193d50f062af62e6d1b894175587b491a8de14199ef9d7a9f75,0,False
gaussian_ste_s0p75,gaussian_ste,0.75,3,global,global,1,5.0,2521,0.00019734739908017218,0.00019734739908017218,0.00019734739908017218,True,1.0,1.0,0.00019734739908017218,0,3ee47cf1edc1477fc68ec5f9b662859ea113a5befc3f7d4d6ccf691241dcc534,0,False
gaussian_ste_s0p75,gaussian_ste,0.75,3,global,global,1,5.0,2539,-0.00024521787418052554,-0.00024521787418052554,-0.00024521787418052554,False,0.0,1.0,0.00024521787418052554,0,4e0d766bc4db33e2aaaa812e8630fdbfde7d1b7a3b81635fcadc7550d48f9f48,0,False
gaussian_ste_s0p75,gaussian_ste,0.75,3,global,global,1,5.0,2551,0.00010450347326695919,0.00010450347326695919,0.00010450347326695919,True,1.0,1.0,0.00010450347326695919,0,de2b17c8a956a9ce1746da7bc456c4f760b245508436af2bd652bf1d4d7ebe3e,0,False
gaussian_ste_s0p75,gaussian_ste,0.75,3,global,global,1,5.0,2579,0.0008080279803834856,0.0008080279803834856,0.0008080279803834856,True,1.0,1.0,0.0008080279803834856,0,8db5a2cf8b6dd11052cf1eb3fe50fffcc2192d74b4f04fe3f85c4e8c0cab4f99,0,False
gaussian_ste_s0p75,gaussian_ste,0.75,3,per_hidden,post_neuron,16,3.0,2503,-0.0009390301615894714,-0.0026683334726840258,0.0005758045590482652,True,0.9375,1.0,0.0049589786433170534,0,dc39ec1223655fa33bff11fb4597aee825f695181608c44cbeb438f0741bc9cf,0,False
gaussian_ste_s0p75,gaussian_ste,0.75,3,per_hidden,post_neuron,16,3.0,2521,-0.0006872511742130882,-0.002753645647317171,0.0017851352458819747,True,0.8125,1.0,0.00476339487988732,0,d80e98cf1cf5b1f2bdf4e1117e10e300dfb64e26f489fd9fe129e02699e5f718,0,False
gaussian_ste_s0p75,gaussian_ste,0.75,3,per_hidden,post_neuron,16,3.0,2539,-0.000626895369578051,-0.0031005493365228176,0.0015987870283424854,True,0.6875,1.0,0.005682720756352333,0,7bb18c9a45b3c6bc703b0d1a011c210254254aa21a8ad0ec9808daa6ef0c9bac,0,False
gaussian_ste_s0p75,gaussian_ste,0.75,3,per_hidden,post_neuron,16,3.0,2551,-0.0006272454702411778,-0.0022015010472387075,0.0015604669461026788,True,0.875,1.0,0.004155069942671545,0,871bf310077702dcd26e04cdbd9b32f10291a4a242a03d7297e4e048a58532af,0,False
gaussian_ste_s0p75,gaussian_ste,0.75,3,per_hidden,post_neuron,16,3.0,2579,-0.0006758541974249965,-0.002271119737997651,0.00016018612950574607,True,0.875,1.0,0.0038689394001674053,0,05d0d66945271e9f67582173e3f931f80a75bd351d39d6db4202cc86224c388a,0,False
gaussian_ste_s0p75,gaussian_ste,0.75,3,per_hidden,post_neuron,16,5.0,2503,7.35569994958496e-05,-0.00018336356151849031,0.0005257345619611442,True,0.4375,1.0,0.0008531923877832292,0,871319ce6dd04193d50f062af62e6d1b894175587b491a8de14199ef9d7a9f75,0,False
gaussian_ste_s0p75,gaussian_ste,0.75,3,per_hidden,post_neuron,16,5.0,2521,1.2334212556197599e-05,-0.00013987788406666368,0.00023788293765392154,True,0.375,1.0,0.00043601151461686153,0,3ee47cf1edc1477fc68ec5f9b662859ea113a5befc3f7d4d6ccf691241dcc534,0,False
gaussian_ste_s0p75,gaussian_ste,0.75,3,per_hidden,post_neuron,16,5.0,2539,-1.5326118585790027e-05,-0.00019666654407046735,0.0004955576150678098,False,0.4375,1.0,0.0006431458243190546,0,4e0d766bc4db33e2aaaa812e8630fdbfde7d1b7a3b81635fcadc7550d48f9f48,0,False
gaussian_ste_s0p75,gaussian_ste,0.75,3,per_hidden,post_neuron,16,5.0,2551,6.531464691761357e-06,-0.0002890953910537064,0.0001991152239497751,True,0.5625,1.0,0.0005109215895094148,0,de2b17c8a956a9ce1746da7bc456c4f760b245508436af2bd652bf1d4d7ebe3e,0,False
gaussian_ste_s0p75,gaussian_ste,0.75,3,per_hidden,post_neuron,16,5.0,2579,5.050174559073639e-05,-0.00017241887690033764,0.0004280211578588933,True,0.5625,1.0,0.0006474774715038355,0,8db5a2cf8b6dd11052cf1eb3fe50fffcc2192d74b4f04fe3f85c4e8c0cab4f99,0,False
gaussian_ste_s1p00,gaussian_ste,1.0,4,global,global,1,3.0,2503,-0.0143031170591712,-0.0143031170591712,-0.0143031170591712,True,1.0,1.0,0.0143031170591712,0,dc39ec1223655fa33bff11fb4597aee825f695181608c44cbeb438f0741bc9cf,0,False
gaussian_ste_s1p00,gaussian_ste,1.0,4,global,global,1,3.0,2521,-0.010455508716404438,-0.010455508716404438,-0.010455508716404438,True,1.0,1.0,0.010455508716404438,0,d80e98cf1cf5b1f2bdf4e1117e10e300dfb64e26f489fd9fe129e02699e5f718,0,False
gaussian_ste_s1p00,gaussian_ste,1.0,4,global,global,1,3.0,2539,-0.0095750093460083,-0.0095750093460083,-0.0095750093460083,True,1.0,1.0,0.0095750093460083,0,7bb18c9a45b3c6bc703b0d1a011c210254254aa21a8ad0ec9808daa6ef0c9bac,0,False
gaussian_ste_s1p00,gaussian_ste,1.0,4,global,global,1,3.0,2551,-0.009272240102291107,-0.009272240102291107,-0.009272240102291107,True,1.0,1.0,0.009272240102291107,0,871bf310077702dcd26e04cdbd9b32f10291a4a242a03d7297e4e048a58532af,0,False
gaussian_ste_s1p00,gaussian_ste,1.0,4,global,global,1,3.0,2579,-0.010415289551019669,-0.010415289551019669,-0.010415289551019669,True,1.0,1.0,0.010415289551019669,0,05d0d66945271e9f67582173e3f931f80a75bd351d39d6db4202cc86224c388a,0,False
gaussian_ste_s1p00,gaussian_ste,1.0,4,global,global,1,5.0,2503,0.0015858635306358337,0.0015858635306358337,0.0015858635306358337,True,1.0,1.0,0.0015858635306358337,0,871319ce6dd04193d50f062af62e6d1b894175587b491a8de14199ef9d7a9f75,0,False
gaussian_ste_s1p00,gaussian_ste,1.0,4,global,global,1,5.0,2521,0.0004950173897668719,0.0004950173897668719,0.0004950173897668719,True,1.0,1.0,0.0004950173897668719,0,3ee47cf1edc1477fc68ec5f9b662859ea113a5befc3f7d4d6ccf691241dcc534,0,False
gaussian_ste_s1p00,gaussian_ste,1.0,4,global,global,1,5.0,2539,6.262253009481356e-05,6.262253009481356e-05,6.262253009481356e-05,True,1.0,1.0,6.262253009481356e-05,0,4e0d766bc4db33e2aaaa812e8630fdbfde7d1b7a3b81635fcadc7550d48f9f48,0,False
gaussian_ste_s1p00,gaussian_ste,1.0,4,global,global,1,5.0,2551,0.00027436207165010273,0.00027436207165010273,0.00027436207165010273,True,1.0,1.0,0.00027436207165010273,0,de2b17c8a956a9ce1746da7bc456c4f760b245508436af2bd652bf1d4d7ebe3e,0,False
gaussian_ste_s1p00,gaussian_ste,1.0,4,global,global,1,5.0,2579,0.0011104679433628917,0.0011104679433628917,0.0011104679433628917,True,1.0,1.0,0.0011104679433628917,0,8db5a2cf8b6dd11052cf1eb3fe50fffcc2192d74b4f04fe3f85c4e8c0cab4f99,0,False
gaussian_ste_s1p00,gaussian_ste,1.0,4,per_hidden,post_neuron,16,3.0,2503,-0.0008939447409375134,-0.0026264488697052,0.0005281799822114408,True,0.9375,1.0,0.0048158346737961245,0,dc39ec1223655fa33bff11fb4597aee825f695181608c44cbeb438f0741bc9cf,0,False
gaussian_ste_s1p00,gaussian_ste,1.0,4,per_hidden,post_neuron,16,3.0,2521,-0.0006534692613513471,-0.00251257442869246,0.001599894487299025,True,0.8125,1.0,0.004458325848353795,0,d80e98cf1cf5b1f2bdf4e1117e10e300dfb64e26f489fd9fe129e02699e5f718,0,False
gaussian_ste_s1p00,gaussian_ste,1.0,4,per_hidden,post_neuron,16,3.0,2539,-0.0005984380918562238,-0.0028251521289348602,0.0014550727792084217,True,0.6875,1.0,0.0053335567687584065,0,7bb18c9a45b3c6bc703b0d1a011c210254254aa21a8ad0ec9808daa6ef0c9bac,0,False
gaussian_ste_s1p00,gaussian_ste,1.0,4,per_hidden,post_neuron,16,3.0,2551,-0.0005795150573248975,-0.0019700585398823023,0.0014021294191479683,True,0.875,1.0,0.003804678413449426,0,871bf310077702dcd26e04cdbd9b32f10291a4a242a03d7297e4e048a58532af,0,False
gaussian_ste_s1p00,gaussian_ste,1.0,4,per_hidden,post_neuron,16,3.0,2579,-0.0006509555705633829,-0.0020732360426336527,0.00015236041508615017,True,0.875,1.0,0.0036644337583560584,0,05d0d66945271e9f67582173e3f931f80a75bd351d39d6db4202cc86224c388a,0,False
gaussian_ste_s1p00,gaussian_ste,1.0,4,per_hidden,post_neuron,16,5.0,2503,9.911645338434028e-05,-0.0001816068252082914,0.0006443520542234182,True,0.5,1.0,0.0010297992486844518,0,871319ce6dd04193d50f062af62e6d1b894175587b491a8de14199ef9d7a9f75,0,False
gaussian_ste_s1p00,gaussian_ste,1.0,4,per_hidden,post_neuron,16,5.0,2521,3.093858754255052e-05,-0.00014912734332028776,0.00031067064264789224,True,0.375,1.0,0.0005200306315293464,0,3ee47cf1edc1477fc68ec5f9b662859ea113a5befc3f7d4d6ccf691241dcc534,0,False
gaussian_ste_s1p00,gaussian_ste,1.0,4,per_hidden,post_neuron,16,5.0,2539,3.9139092109508056e-06,-0.00020026706624776125,0.0006278894143179059,True,0.4375,1.0,0.0007442832269023842,0,4e0d766bc4db33e2aaaa812e8630fdbfde7d1b7a3b81635fcadc7550d48f9f48,0,False
gaussian_ste_s1p00,gaussian_ste,1.0,4,per_hidden,post_neuron,16,5.0,2551,1.714762697702099e-05,-0.0002691199188120663,0.0002445628051646054,True,0.5625,1.0,0.0005616722392491499,0,de2b17c8a956a9ce1746da7bc456c4f760b245508436af2bd652bf1d4d7ebe3e,0,False
gaussian_ste_s1p00,gaussian_ste,1.0,4,per_hidden,post_neuron,16,5.0,2579,6.940424708545834e-05,-0.00014223325706552714,0.00046062772162258625,True,0.5625,1.0,0.0007186332722145107,0,8db5a2cf8b6dd11052cf1eb3fe50fffcc2192d74b4f04fe3f85c4e8c0cab4f99,0,False
