condition,N_hidden_total,K,seeds_observed,seeds_passing,required_seed_passes,pass_reliability,minimum_worst_query_balanced_accuracy,minimum_exact_trial_accuracy
independent_spatial_d0,1,1,3,0,3,False,0.5,0.5
independent_spatial_d0,2,1,3,0,3,False,0.5,0.5
independent_spatial_d0,2,2,3,0,3,False,0.5,0.5
independent_spatial_d0,3,1,3,1,3,False,0.75,0.75
independent_spatial_d0,3,3,3,0,3,False,0.5,0.28125
independent_spatial_d0,4,1,3,1,3,False,0.75,0.75
independent_spatial_d0,4,2,3,0,3,False,0.75,0.75
independent_spatial_d0,4,4,3,0,3,False,0.5,0.20556640625
independent_spatial_d0,6,1,3,3,3,True,1.0,1.0
independent_spatial_d0,6,2,3,0,3,False,0.75,0.75
independent_spatial_d0,6,3,3,0,3,False,0.75,0.41162109375
independent_spatial_d0,6,6,3,0,3,False,0.5,0.1474609375
independent_spatial_d0,8,1,3,3,3,True,1.0,1.0
independent_spatial_d0,8,2,3,1,3,False,0.75,0.75
independent_spatial_d0,8,4,3,0,3,False,0.5,0.28125
independent_spatial_d0,8,8,3,0,3,False,0.5,0.07470703125
independent_spatial_d0,12,1,3,3,3,True,1.0,1.0
independent_spatial_d0,12,2,3,3,3,True,1.0,1.0
independent_spatial_d0,12,3,3,2,3,False,0.75,0.75
independent_spatial_d0,12,4,3,0,3,False,0.75,0.4169921875
independent_spatial_d0,12,6,3,0,3,False,0.5,0.15771484375
independent_spatial_d0,12,12,3,0,3,False,0.5,0.02392578125
independent_spatial_d0,16,1,3,3,3,True,1.0,1.0
independent_spatial_d0,16,2,3,3,3,True,1.0,1.0
independent_spatial_d0,16,4,3,1,3,False,0.75,0.56396484375
independent_spatial_d0,16,8,3,0,3,False,0.5,0.18798828125
independent_spatial_d0,16,16,3,0,3,False,0.5,0.001953125
independent_spatial_d0,24,1,3,3,3,True,1.0,1.0
independent_spatial_d0,24,2,3,3,3,True,1.0,1.0
independent_spatial_d0,24,3,3,3,3,True,1.0,1.0
independent_spatial_d0,24,4,3,3,3,True,1.0,1.0
independent_spatial_d0,24,6,3,1,3,False,0.75,0.55810546875
independent_spatial_d0,24,8,3,1,3,False,0.75,0.22509765625
independent_spatial_d0,24,12,3,0,3,False,0.5,0.02685546875
independent_spatial_d0,32,1,3,3,3,True,1.0,1.0
independent_spatial_d0,32,2,3,3,3,True,1.0,1.0
independent_spatial_d0,32,4,3,3,3,True,1.0,1.0
independent_spatial_d0,32,8,3,2,3,False,0.75,0.4228515625
independent_spatial_d0,32,16,3,0,3,False,0.5,0.00390625
shared_d0,1,1,3,1,3,False,0.5,0.5
shared_d0,1,2,3,0,3,False,0.5,0.37255859375
shared_d0,1,3,3,0,3,False,0.5,0.14599609375
shared_d0,1,4,3,0,3,False,0.5,0.076171875
shared_d0,1,6,3,0,3,False,0.5,0.01904296875
shared_d0,1,8,3,0,3,False,0.5,0.0048828125
shared_d0,1,12,3,0,3,False,0.5,0.00048828125
shared_d0,1,16,3,0,3,False,0.5,0.0
shared_d0,2,1,3,1,3,False,0.75,0.75
shared_d0,2,2,3,0,3,False,0.5,0.3740234375
shared_d0,2,3,3,0,3,False,0.5,0.162109375
shared_d0,2,4,3,0,3,False,0.5,0.09521484375
shared_d0,2,6,3,0,3,False,0.5,0.02099609375
shared_d0,2,8,3,0,3,False,0.5,0.0048828125
shared_d0,2,12,3,0,3,False,0.5,0.00048828125
shared_d0,2,16,3,0,3,False,0.5,0.0
shared_d0,3,1,3,3,3,True,1.0,1.0
shared_d0,3,2,3,0,3,False,0.5,0.32080078125
shared_d0,3,3,3,0,3,False,0.5,0.16650390625
shared_d0,3,4,3,0,3,False,0.5,0.0908203125
shared_d0,3,6,3,0,3,False,0.5,0.0234375
shared_d0,3,8,3,0,3,False,0.5,0.0048828125
shared_d0,3,12,3,0,3,False,0.5,0.00048828125
shared_d0,3,16,3,0,3,False,0.5,0.0
shared_d0,4,1,3,2,3,False,0.75,0.75
shared_d0,4,2,3,0,3,False,0.5,0.37939453125
shared_d0,4,3,3,0,3,False,0.5,0.20751953125
shared_d0,4,4,3,0,3,False,0.5,0.09912109375
shared_d0,4,6,3,0,3,False,0.5,0.02978515625
shared_d0,4,8,3,0,3,False,0.5,0.0068359375
shared_d0,4,12,3,0,3,False,0.5,0.00048828125
shared_d0,4,16,3,0,3,False,0.5,0.0
shared_d0,6,1,3,3,3,True,1.0,1.0
shared_d0,6,2,3,0,3,False,0.5,0.43701171875
shared_d0,6,3,3,0,3,False,0.5,0.2265625
shared_d0,6,4,3,0,3,False,0.5,0.09912109375
shared_d0,6,6,3,0,3,False,0.5,0.02197265625
shared_d0,6,8,3,0,3,False,0.5,0.0068359375
shared_d0,6,12,3,0,3,False,0.5,0.00048828125
shared_d0,6,16,3,0,3,False,0.5,0.0
shared_d0,8,1,3,3,3,True,1.0,1.0
shared_d0,8,2,3,0,3,False,0.5,0.3798828125
shared_d0,8,3,3,0,3,False,0.5,0.2490234375
shared_d0,8,4,3,0,3,False,0.5,0.10693359375
shared_d0,8,6,3,0,3,False,0.5,0.02490234375
shared_d0,8,8,3,0,3,False,0.5,0.0068359375
shared_d0,8,12,3,0,3,False,0.5,0.00048828125
shared_d0,8,16,3,0,3,False,0.5,0.0
shared_d0,12,1,3,3,3,True,1.0,1.0
shared_d0,12,2,3,0,3,False,0.5,0.5
shared_d0,12,3,3,0,3,False,0.5,0.2490234375
shared_d0,12,4,3,0,3,False,0.5,0.12060546875
shared_d0,12,6,3,0,3,False,0.5,0.033203125
shared_d0,12,8,3,0,3,False,0.5,0.00830078125
shared_d0,12,12,3,0,3,False,0.5,0.00048828125
shared_d0,12,16,3,0,3,False,0.5,0.0
shared_d0,16,1,3,3,3,True,1.0,1.0
shared_d0,16,2,3,0,3,False,0.5,0.5
shared_d0,16,3,3,0,3,False,0.5,0.2490234375
shared_d0,16,4,3,0,3,False,0.5,0.1279296875
shared_d0,16,6,3,0,3,False,0.5,0.03369140625
shared_d0,16,8,3,0,3,False,0.5,0.00927734375
shared_d0,16,12,3,0,3,False,0.5,0.00048828125
shared_d0,16,16,3,0,3,False,0.5,0.0
shared_d0,24,1,3,3,3,True,1.0,1.0
shared_d0,24,2,3,0,3,False,0.5,0.5
shared_d0,24,3,3,0,3,False,0.5,0.2490234375
shared_d0,24,4,3,0,3,False,0.5,0.1279296875
shared_d0,24,6,3,0,3,False,0.5,0.033203125
shared_d0,24,8,3,0,3,False,0.5,0.00927734375
shared_d0,24,12,3,0,3,False,0.5,0.00048828125
shared_d0,24,16,3,0,3,False,0.5,0.0
shared_d0,32,1,3,3,3,True,1.0,1.0
shared_d0,32,2,3,0,3,False,0.5,0.5
shared_d0,32,3,3,0,3,False,0.5,0.2490234375
shared_d0,32,4,3,0,3,False,0.5,0.1279296875
shared_d0,32,6,3,0,3,False,0.5,0.03369140625
shared_d0,32,8,3,0,3,False,0.5,0.00927734375
shared_d0,32,12,3,0,3,False,0.5,0.00048828125
shared_d0,32,16,3,0,3,False,0.5,0.0
shared_temporal_fixed,1,1,3,0,3,False,0.5,0.5
shared_temporal_fixed,1,2,3,0,3,False,0.68701171875,0.5595703125
shared_temporal_fixed,1,3,3,0,3,False,0.5,0.287109375
shared_temporal_fixed,1,4,3,0,3,False,0.5,0.21337890625
shared_temporal_fixed,1,6,3,0,3,False,0.53466796875,0.08544921875
shared_temporal_fixed,1,8,3,0,3,False,0.5,0.0263671875
shared_temporal_fixed,1,12,3,0,3,False,0.5,0.00048828125
shared_temporal_fixed,1,16,3,0,3,False,0.5,0.0
shared_temporal_fixed,2,1,3,0,3,False,0.5,0.5
shared_temporal_fixed,2,2,3,1,3,False,0.68408203125,0.5615234375
shared_temporal_fixed,2,3,3,0,3,False,0.74853515625,0.42333984375
shared_temporal_fixed,2,4,3,0,3,False,0.6552734375,0.30712890625
shared_temporal_fixed,2,6,3,0,3,False,0.5791015625,0.1240234375
shared_temporal_fixed,2,8,3,0,3,False,0.5,0.02783203125
shared_temporal_fixed,2,12,3,0,3,False,0.5,0.001953125
shared_temporal_fixed,2,16,3,0,3,False,0.5,0.0
shared_temporal_fixed,3,1,3,1,3,False,0.75,0.75
shared_temporal_fixed,3,2,3,0,3,False,0.75,0.55908203125
shared_temporal_fixed,3,3,3,0,3,False,0.68408203125,0.56005859375
shared_temporal_fixed,3,4,3,1,3,False,0.681640625,0.3173828125
shared_temporal_fixed,3,6,3,0,3,False,0.65234375,0.2431640625
shared_temporal_fixed,3,8,3,0,3,False,0.61279296875,0.22119140625
shared_temporal_fixed,3,12,3,0,3,False,0.54296875,0.00830078125
shared_temporal_fixed,3,16,3,0,3,False,0.49951171875,0.00048828125
shared_temporal_fixed,4,1,3,1,3,False,0.75,0.75
shared_temporal_fixed,4,2,3,3,3,True,0.9384765625,0.9384765625
shared_temporal_fixed,4,3,3,2,3,False,0.75,0.75
shared_temporal_fixed,4,4,3,3,3,True,0.9296875,0.9296875
shared_temporal_fixed,4,6,3,2,3,False,0.744140625,0.39404296875
shared_temporal_fixed,4,8,3,1,3,False,0.8603515625,0.66552734375
shared_temporal_fixed,4,12,3,0,3,False,0.53515625,0.01416015625
shared_temporal_fixed,4,16,3,0,3,False,0.5,0.00048828125
shared_temporal_fixed,6,1,3,3,3,True,1.0,1.0
shared_temporal_fixed,6,2,3,3,3,True,0.94189453125,0.94189453125
shared_temporal_fixed,6,3,3,3,3,True,1.0,1.0
shared_temporal_fixed,6,4,3,2,3,False,0.87255859375,0.78759765625
shared_temporal_fixed,6,6,3,3,3,True,0.982421875,0.96630859375
shared_temporal_fixed,6,8,3,3,3,True,0.984375,0.9677734375
shared_temporal_fixed,6,12,3,0,3,False,0.75,0.14111328125
shared_temporal_fixed,6,16,3,0,3,False,0.5,0.0009765625
shared_temporal_fixed,8,1,3,3,3,True,1.0,1.0
shared_temporal_fixed,8,2,3,3,3,True,1.0,1.0
shared_temporal_fixed,8,3,3,3,3,True,1.0,1.0
shared_temporal_fixed,8,4,3,3,3,True,1.0,1.0
shared_temporal_fixed,8,6,3,3,3,True,0.99267578125,0.98876953125
shared_temporal_fixed,8,8,3,3,3,True,0.982421875,0.9677734375
shared_temporal_fixed,8,12,3,0,3,False,0.763671875,0.19140625
shared_temporal_fixed,8,16,3,0,3,False,0.548828125,0.00390625
shared_temporal_fixed,12,1,3,3,3,True,1.0,1.0
shared_temporal_fixed,12,2,3,3,3,True,1.0,1.0
shared_temporal_fixed,12,3,3,3,3,True,1.0,1.0
shared_temporal_fixed,12,4,3,3,3,True,1.0,1.0
shared_temporal_fixed,12,6,3,3,3,True,0.99951171875,0.99951171875
shared_temporal_fixed,12,8,3,3,3,True,0.99609375,0.9921875
shared_temporal_fixed,12,12,3,0,3,False,0.90380859375,0.52099609375
shared_temporal_fixed,12,16,3,0,3,False,0.705078125,0.07861328125
shared_temporal_fixed,16,1,3,3,3,True,1.0,1.0
shared_temporal_fixed,16,2,3,3,3,True,1.0,1.0
shared_temporal_fixed,16,3,3,3,3,True,1.0,1.0
shared_temporal_fixed,16,4,3,3,3,True,1.0,1.0
shared_temporal_fixed,16,6,3,3,3,True,0.99951171875,0.99951171875
shared_temporal_fixed,16,8,3,3,3,True,0.9970703125,0.99658203125
shared_temporal_fixed,16,12,3,1,3,False,0.9619140625,0.8017578125
shared_temporal_fixed,16,16,3,0,3,False,0.72119140625,0.12841796875
shared_temporal_fixed,24,1,3,3,3,True,1.0,1.0
shared_temporal_fixed,24,2,3,3,3,True,1.0,1.0
shared_temporal_fixed,24,3,3,3,3,True,1.0,1.0
shared_temporal_fixed,24,4,3,3,3,True,1.0,1.0
shared_temporal_fixed,24,6,3,3,3,True,1.0,1.0
shared_temporal_fixed,24,8,3,3,3,True,0.99853515625,0.99853515625
shared_temporal_fixed,24,12,3,3,3,True,0.984375,0.93408203125
shared_temporal_fixed,24,16,3,0,3,False,0.875,0.41748046875
shared_temporal_fixed,32,1,3,3,3,True,1.0,1.0
shared_temporal_fixed,32,2,3,3,3,True,1.0,1.0
shared_temporal_fixed,32,3,3,3,3,True,1.0,1.0
shared_temporal_fixed,32,4,3,3,3,True,1.0,1.0
shared_temporal_fixed,32,6,3,3,3,True,1.0,1.0
shared_temporal_fixed,32,8,3,3,3,True,1.0,1.0
shared_temporal_fixed,32,12,3,3,3,True,0.9912109375,0.970703125
shared_temporal_fixed,32,16,3,0,3,False,0.93310546875,0.62548828125
