seed,N_hidden,w,T,worst_bacc,exact_trial,mechanism_valid,pass_90,max_centroid_error,minimum_window_activity,selected_update,bacc_q0_AND,activity_q0,bacc_q1_OR,activity_q1,bacc_q2_XOR,activity_q2,bacc_q3_XNOR,activity_q3,bacc_q4_NAND,activity_q4,bacc_q5_NOR,activity_q5
4013,1,4,34,0.5087890625,0.2578125,True,False,0.04187774658203125,0.162109375,550,1.0,0.25,0.9453125,0.697265625,0.5322265625,0.162109375,0.5087890625,0.3203125,0.9973958730697632,0.74609375,0.9973958730697632,0.251953125
4013,1,5,40,0.53125,0.30078125,True,False,0.19577407836914062,0.24267578125,475,1.0,0.25,0.9085286855697632,0.62841796875,0.61572265625,0.24267578125,0.53125,0.294921875,0.9983724355697632,0.74951171875,0.9986978769302368,0.251953125
4013,1,6,46,0.52001953125,0.279296875,True,False,0.2608604431152344,0.14013671875,475,1.0,0.25,0.9772135019302368,0.7568359375,0.53955078125,0.14013671875,0.52001953125,0.51416015625,0.9996744394302368,0.74951171875,1.0,0.25
4013,1,8,58,0.50732421875,0.26025390625,True,False,0.20086669921875,0.25,525,1.0,0.25,0.9869791269302368,0.751953125,0.50732421875,0.31396484375,0.509765625,0.52734375,0.9996744394302368,0.74951171875,1.0,0.25
4013,1,10,70,0.5048828125,0.265625,True,False,0.3815650939941406,0.03125,500,1.0,0.25,0.986328125,0.7529296875,0.5087890625,0.03125,0.5048828125,0.9033203125,0.9993489980697632,0.7490234375,1.0,0.25
4013,1,14,94,0.4892578125,0.26123046875,True,False,0.30892181396484375,0.25,550,0.9967447519302368,0.2548828125,0.9879556894302368,0.75537109375,0.4892578125,0.3671875,0.51904296875,0.52001953125,0.9996744394302368,0.74951171875,1.0,0.25
4013,1,20,130,0.48974609375,0.2470703125,True,False,0.34926605224609375,0.21044921875,575,0.9996744394302368,0.25048828125,0.99609375,0.751953125,0.48974609375,0.21044921875,0.50830078125,0.43115234375,1.0,0.75,1.0,0.25
4013,1,26,166,0.49560546875,0.26318359375,True,False,0.34918212890625,0.25,600,0.9996744394302368,0.25048828125,0.99609375,0.751953125,0.5341796875,0.2978515625,0.49560546875,0.43310546875,1.0,0.75,1.0,0.25
4013,2,4,34,0.62841796875,0.3740234375,True,False,0.018520355224609375,0.3134765625,600,0.9970703125,0.9990234375,0.9915364980697632,0.974609375,0.654296875,0.4072265625,0.62841796875,0.3134765625,0.947265625,0.9521484375,0.990234375,0.96826171875
4013,2,5,40,0.685546875,0.51611328125,True,False,0.06547355651855469,0.36376953125,550,0.9990234375,1.0,0.9840494394302368,0.98876953125,0.7236328125,0.36376953125,0.685546875,0.373046875,0.96875,0.97119140625,0.9641927480697632,0.95361328125
4013,2,6,46,0.6953125,0.4931640625,True,False,0.043701171875,0.3974609375,600,0.9755859375,0.98779296875,0.994140625,0.97802734375,0.6953125,0.4013671875,0.71484375,0.3974609375,0.9827474355697632,0.96923828125,0.9912109375,0.95556640625
4013,2,8,58,0.99853515625,0.99609375,True,True,0.07184219360351562,0.74853515625,600,0.9990234375,1.0,1.0,1.0,0.99853515625,0.74853515625,0.99853515625,0.74951171875,0.9996744394302368,0.97802734375,1.0,0.95703125
4013,2,10,70,0.9970703125,0.9951171875,True,True,0.10168838500976562,0.748046875,600,1.0,0.99951171875,1.0,1.0,0.998046875,0.748046875,0.9970703125,0.74951171875,1.0,0.98486328125,1.0,0.9609375
4013,2,14,94,0.9794921875,0.9716796875,True,True,0.1553955078125,0.7451171875,600,0.9990234375,1.0,0.9990234375,0.93359375,0.9794921875,1.0,0.9951171875,0.7451171875,0.9990234375,0.99951171875,0.9990234375,0.994140625
4013,2,20,130,0.69091796875,0.509765625,True,False,0.45844268798828125,0.7861328125,550,0.982421875,1.0,1.0,1.0,0.69091796875,0.90283203125,0.7451171875,0.7861328125,1.0,0.9990234375,0.9990234375,0.9990234375
4013,2,26,166,0.568359375,0.42333984375,True,False,0.3800201416015625,0.73583984375,600,1.0,0.99951171875,0.99609375,0.99951171875,0.72412109375,0.87060546875,0.568359375,0.73583984375,0.9993489980697632,0.9990234375,0.9970703125,0.99462890625
4013,3,4,34,0.6494140625,0.4345703125,True,False,0.45242881774902344,0.203125,400,0.9996744394302368,1.0,0.966796875,1.0,0.72412109375,0.51806640625,0.6494140625,0.203125,0.9853515625,0.9609375,0.9153646230697632,0.8798828125
4013,3,5,40,0.998046875,0.994140625,True,True,0.04522895812988281,0.54248046875,575,1.0,1.0,0.998046875,0.998046875,0.998046875,0.54248046875,0.9990234375,0.6025390625,0.9986978769302368,0.99951171875,0.9990234375,0.869140625
4013,3,6,46,0.9964193105697632,0.994140625,True,True,0.043701171875,0.6064453125,600,1.0,1.0,0.9964193105697632,1.0,0.9970703125,0.67041015625,0.99951171875,0.6064453125,0.9996744394302368,0.99951171875,1.0,0.9326171875
4013,3,8,58,0.9990234375,0.9970703125,True,True,0.3956184387207031,0.7490234375,475,1.0,1.0,0.9990234375,1.0,1.0,0.75,0.9990234375,0.7490234375,0.9990234375,0.86376953125,0.9993489980697632,1.0
4013,3,10,70,0.9970703125,0.9951171875,True,True,0.14219284057617188,0.74951171875,575,1.0,1.0,0.9990234375,1.0,0.99853515625,0.9990234375,0.9970703125,0.74951171875,1.0,0.99951171875,1.0,1.0
4013,3,14,94,0.9973958730697632,0.99462890625,True,True,0.1577606201171875,0.8818359375,600,1.0,1.0,0.9973958730697632,1.0,0.998046875,0.8818359375,0.99951171875,0.9921875,0.9993489980697632,0.99609375,1.0,0.99365234375
4013,3,20,130,0.9990234375,0.99560546875,True,True,0.47875213623046875,0.9970703125,550,1.0,0.99951171875,0.9990234375,0.9970703125,0.99951171875,0.9990234375,0.9990234375,0.998046875,0.9993489980697632,0.9990234375,0.9990234375,1.0
4013,3,26,166,0.998046875,0.99560546875,True,True,0.4599456787109375,0.9951171875,575,1.0,0.99951171875,0.9996744394302368,0.99755859375,0.99853515625,0.99560546875,0.99951171875,1.0,0.9993489980697632,0.9990234375,0.998046875,0.9951171875
4013,4,4,34,0.9954427480697632,0.98388671875,True,True,0.0617218017578125,0.98876953125,525,0.9990234375,1.0,0.9990234375,0.990234375,0.99609375,0.98876953125,0.99658203125,0.9990234375,0.99609375,1.0,0.9954427480697632,0.99609375
4013,4,5,40,0.99609375,0.9892578125,True,True,0.06547355651855469,0.501953125,550,1.0,1.0,0.9990234375,1.0,0.998046875,0.501953125,0.99609375,0.75244140625,0.9964193105697632,0.533203125,0.9986978769302368,0.99853515625
4013,4,6,46,0.99560546875,0.99365234375,True,True,0.09061050415039062,0.80126953125,550,1.0,1.0,0.9990234375,1.0,0.99951171875,0.80126953125,0.99560546875,0.99609375,1.0,0.9775390625,0.9986978769302368,0.99951171875
4013,4,8,58,0.9990234375,0.99853515625,True,True,0.10205459594726562,0.65380859375,575,1.0,1.0,0.9990234375,1.0,0.99951171875,0.65380859375,1.0,0.74755859375,0.9990234375,0.66162109375,1.0,1.0
4013,4,10,70,0.9990234375,0.998046875,True,True,0.10132217407226562,0.74951171875,600,1.0,1.0,0.9996744394302368,1.0,0.99951171875,0.98779296875,0.99951171875,0.74951171875,0.9990234375,0.93310546875,1.0,1.0
4013,4,14,94,0.998046875,0.99755859375,True,True,0.22447967529296875,0.99609375,575,1.0,1.0,1.0,1.0,0.99951171875,0.99951171875,1.0,1.0,0.9993489980697632,0.99951171875,0.998046875,0.99609375
4013,4,20,130,0.998046875,0.99658203125,True,True,0.244140625,0.9970703125,600,1.0,1.0,1.0,1.0,0.99951171875,1.0,0.9990234375,0.99755859375,0.9993489980697632,0.9990234375,0.998046875,0.9970703125
4013,4,26,166,0.9990234375,0.9970703125,True,True,0.4759674072265625,0.99853515625,575,1.0,0.99951171875,0.9990234375,1.0,0.99951171875,0.99853515625,0.9990234375,1.0,0.9993489980697632,1.0,1.0,1.0
4013,5,4,34,0.9921875,0.97412109375,True,True,0.09062004089355469,0.59765625,500,1.0,1.0,0.99609375,1.0,0.99365234375,0.68115234375,0.99658203125,0.59765625,0.9944661855697632,0.99658203125,0.9921875,0.99560546875
4013,5,5,40,0.99609375,0.99072265625,True,True,0.030544281005859375,0.98291015625,600,0.9990234375,1.0,0.99609375,0.99951171875,0.9990234375,0.98291015625,0.99609375,0.99365234375,0.9990234375,1.0,0.9983724355697632,0.9990234375
4013,5,6,46,0.9990234375,0.9970703125,True,True,0.183441162109375,0.57421875,500,0.9990234375,1.0,0.9996744394302368,1.0,1.0,0.57421875,0.99951171875,0.916015625,0.9990234375,1.0,0.9993489980697632,0.8671875
4013,5,8,58,0.9973958730697632,0.99658203125,True,True,0.10205459594726562,0.8173828125,575,1.0,1.0,0.9996744394302368,1.0,0.9990234375,0.93310546875,1.0,0.8173828125,1.0,1.0,0.9973958730697632,0.93017578125
4013,5,10,70,0.998046875,0.99462890625,True,True,0.38095855712890625,1.0,500,1.0,1.0,0.9990234375,1.0,0.99853515625,1.0,0.998046875,1.0,0.9993489980697632,1.0,0.9996744394302368,1.0
4013,5,14,94,0.9970703125,0.99658203125,True,True,0.21680450439453125,0.99609375,575,1.0,1.0,0.9977213144302368,1.0,0.99951171875,1.0,1.0,1.0,1.0,1.0,0.9970703125,0.99609375
4013,5,20,130,0.9990234375,0.9970703125,True,True,0.3260345458984375,0.9990234375,575,1.0,1.0,0.9996744394302368,1.0,0.99951171875,0.99951171875,0.9990234375,1.0,0.9996744394302368,0.9990234375,0.9990234375,1.0
4013,5,26,166,0.9993489980697632,0.99755859375,True,True,0.324127197265625,0.99853515625,600,1.0,1.0,0.9996744394302368,1.0,0.99951171875,0.99853515625,0.99951171875,1.0,0.9993489980697632,1.0,1.0,1.0
4027,1,4,34,0.4990234375,0.2529296875,True,False,0.09143257141113281,0.18017578125,500,1.0,0.25,0.982421875,0.7529296875,0.52197265625,0.18017578125,0.4990234375,0.2880859375,0.9947916269302368,0.748046875,0.9889322519302368,0.2666015625
4027,1,5,40,0.49951171875,0.24609375,True,False,0.04479217529296875,0.03173828125,575,1.0,0.25,0.982421875,0.7587890625,0.49951171875,0.03173828125,0.5107421875,0.1982421875,0.9921875,0.75390625,0.998046875,0.2529296875
4027,1,6,46,0.52294921875,0.2841796875,True,False,0.18423080444335938,0.04833984375,500,1.0,0.25,0.9791666269302368,0.75390625,0.52587890625,0.04833984375,0.52294921875,0.37646484375,1.0,0.75,0.9990234375,0.25146484375
4027,1,8,58,0.50244140625,0.25048828125,True,False,0.20042800903320312,0.22021484375,525,1.0,0.25,0.9807943105697632,0.75830078125,0.50244140625,0.22021484375,0.5126953125,0.4228515625,1.0,0.75,0.9986978769302368,0.251953125
4027,1,10,70,0.49951171875,0.30615234375,True,False,0.1011962890625,0.02490234375,600,1.0,0.25,0.9791666269302368,0.75390625,0.49951171875,0.02490234375,0.6103515625,0.388671875,1.0,0.75,0.9990234375,0.25146484375
4027,1,14,94,0.50341796875,0.28955078125,True,False,0.2232666015625,0.251953125,575,0.9817708730697632,0.27734375,0.970703125,0.7646484375,0.50341796875,0.56494140625,0.6220703125,0.8330078125,0.9921875,0.75390625,0.9986978769302368,0.251953125
4027,1,20,130,0.49609375,0.24365234375,True,False,0.47811126708984375,0.251953125,550,0.998046875,0.2529296875,0.98828125,0.755859375,0.49609375,0.5654296875,0.49755859375,0.94287109375,1.0,0.75,0.9986978769302368,0.251953125
4027,1,26,166,0.49560546875,0.26416015625,True,False,0.4788055419921875,0.251953125,575,0.9957681894302368,0.25634765625,0.98828125,0.755859375,0.53271484375,0.78662109375,0.49560546875,0.59228515625,1.0,0.75,0.9986978769302368,0.251953125
4027,2,4,34,0.5078125,0.47802734375,True,False,0.45305633544921875,0.248046875,400,0.9931640625,0.75341796875,0.9921875,0.248046875,0.5078125,0.9833984375,0.96484375,0.5263671875,0.9928385019302368,0.2548828125,0.9986978769302368,0.75
4027,2,5,40,0.5263671875,0.38671875,True,False,0.030424118041992188,0.25,600,0.998046875,0.7509765625,1.0,0.25,0.5263671875,0.3681640625,0.740234375,0.259765625,1.0,0.25,0.9856771230697632,0.736328125
4027,2,6,46,0.8486328125,0.806640625,True,False,0.0435791015625,0.236328125,600,0.9921875,0.75390625,0.97265625,0.236328125,0.8486328125,0.4658203125,0.9677734375,0.48046875,1.0,0.25,0.9983724355697632,0.74755859375
4027,2,8,58,0.9970703125,0.9931640625,True,True,0.0717315673828125,0.25,600,1.0,0.75,1.0,0.25,0.9970703125,0.4990234375,0.99853515625,0.50146484375,1.0,0.25,0.9977213144302368,0.74853515625
4027,2,10,70,0.99658203125,0.9892578125,True,True,0.1011962890625,0.25,600,1.0,0.75,0.9993489980697632,0.2509765625,0.99658203125,0.49658203125,0.99755859375,0.49853515625,1.0,0.25,0.9973958730697632,0.74609375
4027,2,14,94,0.703125,0.50634765625,True,False,0.31053924560546875,0.2470703125,550,1.0,0.75,0.9921875,0.2470703125,0.703125,0.9833984375,0.70703125,0.99853515625,0.9990234375,0.25,0.9957681894302368,0.744140625
4027,2,20,130,0.87158203125,0.80517578125,True,False,0.46814727783203125,0.24951171875,550,0.9983724355697632,0.74755859375,0.9990234375,0.24951171875,0.9111328125,0.4306640625,0.87158203125,0.48779296875,1.0,0.25,0.9977213144302368,0.74658203125
4027,2,26,166,0.66943359375,0.4716796875,True,False,0.3492279052734375,0.24951171875,600,0.9931640625,0.75,0.9990234375,0.24951171875,0.66943359375,0.99365234375,0.68701171875,0.98291015625,1.0,0.25,0.99609375,0.748046875
4027,3,4,34,0.97265625,0.9111328125,True,True,0.2949810028076172,0.3876953125,425,0.9951171875,1.0,1.0,0.99658203125,0.9765625,0.6376953125,0.9814453125,0.7021484375,0.9794921875,0.3876953125,0.97265625,0.97509765625
4027,3,5,40,0.98974609375,0.96923828125,True,True,0.04479789733886719,0.685546875,575,0.998046875,1.0,0.998046875,0.9990234375,0.99169921875,0.685546875,0.98974609375,0.97119140625,0.9990234375,0.9990234375,0.9915364980697632,0.990234375
4027,3,6,46,0.998046875,0.9951171875,True,True,0.06304168701171875,0.3125,575,0.998046875,1.0,0.9990234375,0.99951171875,0.99951171875,0.74951171875,0.99951171875,0.6357421875,1.0,0.3125,0.9983724355697632,0.998046875
4027,3,8,58,0.9986978769302368,0.9970703125,True,True,0.14340591430664062,0.62353515625,550,1.0,1.0,1.0,1.0,1.0,0.70068359375,0.9990234375,0.62353515625,1.0,0.994140625,0.9986978769302368,0.998046875
4027,3,10,70,0.9990234375,0.9990234375,True,True,0.19789505004882812,0.9853515625,550,1.0,1.0,0.9990234375,1.0,1.0,0.9853515625,0.99951171875,1.0,1.0,1.0,1.0,0.99853515625
4027,3,14,94,0.9990234375,0.9970703125,True,True,0.42198944091796875,0.9970703125,525,1.0,1.0,1.0,0.99853515625,0.99951171875,1.0,0.9990234375,0.9970703125,1.0,1.0,0.9990234375,1.0
4027,3,20,130,0.99951171875,0.9990234375,True,True,0.24163818359375,0.9990234375,600,1.0,1.0,0.9996744394302368,0.9990234375,1.0,1.0,0.99951171875,0.99951171875,1.0,1.0,1.0,1.0
4027,3,26,166,0.99755859375,0.99609375,True,True,0.4793853759765625,0.9921875,575,1.0,1.0,0.9996744394302368,0.99951171875,0.99951171875,0.99755859375,0.99755859375,0.9921875,1.0,1.0,0.9996744394302368,1.0
4027,4,4,34,0.97802734375,0.9521484375,True,True,0.0183868408203125,0.89111328125,600,0.998046875,1.0,0.9951171875,0.89111328125,0.9892578125,0.89892578125,0.97802734375,0.97021484375,0.9892578125,0.9541015625,0.9899088144302368,0.99951171875
4027,4,5,40,0.9986978769302368,0.99462890625,True,True,0.09456062316894531,0.45361328125,525,1.0,1.0,1.0,1.0,0.99951171875,0.578125,0.9990234375,0.75,0.9986978769302368,0.45361328125,0.9986978769302368,0.99755859375
4027,4,6,46,0.9990234375,0.9970703125,True,True,0.12910842895507812,0.6640625,525,1.0,1.0,1.0,1.0,0.9990234375,0.6640625,0.9990234375,0.74267578125,1.0,0.83935546875,0.9993489980697632,0.9990234375
4027,4,8,58,0.99951171875,0.99951171875,True,True,0.0717315673828125,0.74951171875,600,1.0,1.0,1.0,1.0,1.0,0.94384765625,0.99951171875,0.74951171875,1.0,1.0,1.0,0.99267578125
4027,4,10,70,0.9990234375,0.9990234375,True,True,0.38282012939453125,0.74951171875,500,1.0,1.0,1.0,1.0,1.0,1.0,0.9990234375,0.74951171875,1.0,1.0,1.0,0.98876953125
4027,4,14,94,0.998046875,0.99755859375,True,True,0.306793212890625,0.9931640625,550,1.0,1.0,1.0,1.0,1.0,0.9931640625,0.998046875,0.994140625,1.0,1.0,0.9996744394302368,0.99951171875
4027,4,20,130,0.99951171875,0.99951171875,True,True,0.24488067626953125,0.998046875,600,1.0,1.0,1.0,1.0,1.0,0.99951171875,0.99951171875,0.99951171875,1.0,1.0,1.0,0.998046875
4027,4,26,166,0.9990234375,0.9990234375,True,True,0.468017578125,0.97412109375,575,1.0,1.0,1.0,1.0,1.0,1.0,0.9990234375,1.0,1.0,1.0,1.0,0.97412109375
4027,5,4,34,0.9931640625,0.9833984375,True,True,0.042057037353515625,0.98046875,550,1.0,1.0,0.9986978769302368,1.0,0.9931640625,0.98779296875,0.99658203125,0.98046875,0.9983724355697632,1.0,0.998046875,0.9990234375
4027,5,5,40,0.9990234375,0.998046875,True,True,0.4215888977050781,0.89306640625,425,1.0,1.0,1.0,1.0,0.9990234375,1.0,0.99951171875,0.98486328125,1.0,1.0,0.9990234375,0.89306640625
4027,5,6,46,0.99853515625,0.99755859375,True,True,0.0435791015625,0.99951171875,600,1.0,1.0,0.9996744394302368,0.99951171875,0.99853515625,1.0,1.0,1.0,0.9990234375,1.0,1.0,0.99951171875
4027,5,8,58,0.99755859375,0.9970703125,True,True,0.07159042358398438,0.99853515625,600,1.0,1.0,1.0,1.0,0.99951171875,0.99853515625,0.99755859375,1.0,1.0,1.0,1.0,1.0
4027,5,10,70,0.99951171875,0.99951171875,True,True,0.14177703857421875,0.9990234375,575,1.0,1.0,1.0,1.0,0.99951171875,1.0,1.0,1.0,1.0,1.0,1.0,0.9990234375
4027,5,14,94,0.9990234375,0.998046875,True,True,0.4187164306640625,0.99951171875,525,1.0,1.0,1.0,0.99951171875,0.99951171875,1.0,1.0,1.0,1.0,1.0,0.9990234375,1.0
4027,5,20,130,0.9990234375,0.9990234375,True,True,0.4641265869140625,0.99609375,550,1.0,1.0,1.0,1.0,1.0,0.99609375,0.9990234375,0.9970703125,1.0,1.0,1.0,0.99853515625
4027,5,26,166,0.99853515625,0.99755859375,True,True,0.4474029541015625,0.99951171875,575,1.0,1.0,0.9996744394302368,0.99951171875,0.99951171875,1.0,0.99853515625,0.99951171875,1.0,1.0,1.0,0.99951171875
4049,1,4,34,0.50634765625,0.21923828125,True,False,0.1975688934326172,0.05615234375,450,0.9986978769302368,0.75,0.994140625,0.2509765625,0.50634765625,0.05615234375,0.521484375,0.1025390625,0.9990234375,0.25146484375,0.9098306894302368,0.61669921875
4049,1,5,40,0.50732421875,0.21923828125,True,False,0.1971454620361328,0.04345703125,475,0.9990234375,0.75048828125,1.0,0.25,0.50732421875,0.04345703125,0.5126953125,0.119140625,0.9970703125,0.25439453125,0.9117838144302368,0.61962890625
4049,1,6,46,0.51416015625,0.259765625,True,False,0.1839447021484375,0.05419921875,500,1.0,0.75,1.0,0.25,0.51806640625,0.05419921875,0.51416015625,0.30224609375,1.0,0.25,0.9713541269302368,0.708984375
4049,1,8,58,0.5087890625,0.25927734375,True,False,0.2819061279296875,0.0361328125,500,0.9996744394302368,0.74951171875,1.0,0.25,0.5087890625,0.0361328125,0.5400390625,0.134765625,0.9996744394302368,0.25048828125,0.9615885019302368,0.6923828125
4049,1,10,70,0.50341796875,0.2685546875,True,False,0.2750091552734375,0.03955078125,525,0.9996744394302368,0.74951171875,0.9996744394302368,0.25048828125,0.50341796875,0.03955078125,0.54052734375,0.08251953125,1.0,0.25,0.990234375,0.7353515625
4049,1,14,94,0.51220703125,0.255859375,True,False,0.42504119873046875,0.21630859375,525,0.9996744394302368,0.74951171875,0.9996744394302368,0.25048828125,0.51220703125,0.21630859375,0.51806640625,0.29150390625,1.0,0.25,0.9755859375,0.71337890625
4049,1,20,130,0.509765625,0.25634765625,True,False,0.25327301025390625,0.087890625,600,0.9993489980697632,0.7490234375,0.9996744394302368,0.25048828125,0.51416015625,0.15087890625,0.509765625,0.087890625,1.0,0.25,0.9947916269302368,0.7421875
4049,1,26,166,0.50732421875,0.28076171875,True,False,0.34075927734375,0.06396484375,600,0.9954427480697632,0.7431640625,1.0,0.25,0.5595703125,0.0908203125,0.50732421875,0.06396484375,1.0,0.25,0.9954427480697632,0.7431640625
4049,2,4,34,0.5673828125,0.3154296875,True,False,0.019134521484375,0.08837890625,600,0.998046875,0.9990234375,0.9879556894302368,0.9794921875,0.5673828125,0.24267578125,0.580078125,0.08837890625,0.94921875,0.94140625,0.9977213144302368,0.94189453125
4049,2,5,40,0.6640625,0.4755859375,True,False,0.09491348266601562,0.29296875,525,0.9990234375,1.0,0.9986978769302368,0.9990234375,0.6640625,0.34765625,0.69189453125,0.29296875,0.98046875,0.96337890625,0.994140625,0.95751953125
4049,2,6,46,0.6982421875,0.490234375,True,False,0.06367111206054688,0.3662109375,575,0.9990234375,1.0,0.9931640625,0.9794921875,0.69970703125,0.37890625,0.6982421875,0.3662109375,0.9765625,0.9677734375,0.99609375,0.96240234375
4049,2,8,58,0.71923828125,0.51806640625,True,False,0.3968467712402344,0.43017578125,475,0.9990234375,1.0,0.9869791269302368,0.994140625,0.71923828125,0.44189453125,0.73583984375,0.43017578125,0.9762369394302368,0.98828125,0.986328125,0.98388671875
4049,2,10,70,0.9951171875,0.99267578125,True,True,0.10175323486328125,0.74755859375,600,0.9996744394302368,1.0,1.0,0.99951171875,0.9951171875,0.74755859375,0.99755859375,0.75,0.9996744394302368,0.986328125,1.0,0.970703125
4049,2,14,94,0.998046875,0.99560546875,True,True,0.15642547607421875,0.7490234375,600,0.9990234375,0.9990234375,1.0,0.99267578125,0.9990234375,0.7490234375,0.998046875,0.75,0.9996744394302368,1.0,0.9996744394302368,0.99951171875
4049,2,20,130,0.9853515625,0.98095703125,True,True,0.24457550048828125,0.74853515625,600,0.9990234375,0.9990234375,0.9970703125,1.0,0.9853515625,0.7509765625,0.998046875,0.74853515625,1.0,1.0,0.9996744394302368,0.9990234375
4049,2,26,166,0.98974609375,0.986328125,True,True,0.3383636474609375,0.74853515625,600,0.9996744394302368,0.99755859375,1.0,0.99951171875,0.98974609375,1.0,0.99755859375,0.74853515625,1.0,0.9853515625,0.9996744394302368,0.99560546875
4049,3,4,34,0.79345703125,0.76220703125,True,False,0.09111213684082031,0.26513671875,500,1.0,0.765625,0.9921875,0.26513671875,0.79345703125,0.99951171875,0.9755859375,1.0,0.9905599355697632,0.47265625,0.998046875,0.78466796875
4049,3,5,40,0.9970703125,0.990234375,True,True,0.04546165466308594,0.2626953125,575,0.9986978769302368,0.75,0.9970703125,0.2626953125,0.9970703125,0.9814453125,0.9990234375,0.75244140625,0.9977213144302368,0.28662109375,0.9990234375,0.75048828125
4049,3,6,46,0.994140625,0.98193359375,True,True,0.09100723266601562,0.439453125,550,0.9993489980697632,0.75048828125,0.9944661855697632,0.439453125,0.994140625,1.0,0.99951171875,0.791015625,0.9977213144302368,1.0,0.9993489980697632,0.75244140625
4049,3,8,58,0.9951171875,0.98828125,True,True,0.14372634887695312,0.25,550,0.99609375,0.751953125,1.0,0.25,0.9951171875,0.90673828125,0.9970703125,0.7509765625,0.9990234375,0.9169921875,0.9990234375,0.74853515625
4049,3,10,70,0.99658203125,0.99072265625,True,True,0.10192489624023438,0.25048828125,600,1.0,0.75,0.9996744394302368,0.25048828125,0.99658203125,0.84765625,0.9970703125,0.75048828125,0.9977213144302368,1.0,0.9993489980697632,0.7490234375
4049,3,14,94,0.998046875,0.9951171875,True,True,0.2195587158203125,0.25,575,0.9996744394302368,0.74951171875,0.9990234375,0.25,0.9990234375,0.99853515625,0.9990234375,0.8896484375,0.998046875,0.25146484375,1.0,0.7529296875
4049,3,20,130,0.986328125,0.98046875,True,True,0.24615478515625,0.2490234375,600,0.9986978769302368,0.748046875,1.0,0.25,0.998046875,0.498046875,0.986328125,0.75390625,0.998046875,0.2490234375,0.9990234375,0.74853515625
4049,3,26,166,0.998046875,0.99462890625,True,True,0.4365234375,0.2490234375,575,0.9993489980697632,0.7490234375,0.9990234375,0.24951171875,0.99853515625,0.49853515625,0.9990234375,0.5,0.998046875,0.2490234375,0.9996744394302368,0.74951171875
4049,4,4,34,0.9807943105697632,0.95849609375,True,True,0.019134521484375,0.75048828125,600,1.0,1.0,0.9990234375,0.75048828125,0.98486328125,0.759765625,0.9853515625,0.751953125,0.9807943105697632,1.0,0.9990234375,0.87451171875
4049,4,5,40,0.994140625,0.986328125,True,True,0.031156539916992188,0.97705078125,600,1.0,1.0,0.9977213144302368,1.0,0.994140625,0.97705078125,0.99853515625,0.98779296875,0.9977213144302368,0.99609375,0.9973958730697632,0.99755859375
4049,4,6,46,0.9967447519302368,0.9931640625,True,True,0.12942886352539062,0.9970703125,525,0.9996744394302368,1.0,0.9996744394302368,1.0,0.998046875,0.998046875,0.99951171875,1.0,0.9967447519302368,0.9970703125,0.9996744394302368,0.99951171875
4049,4,8,58,0.9986978769302368,0.998046875,True,True,0.072418212890625,0.75,600,0.9996744394302368,1.0,1.0,1.0,0.99951171875,0.9931640625,1.0,0.75,0.9986978769302368,0.9990234375,1.0,0.8720703125
4049,4,10,70,0.9986978769302368,0.9970703125,True,True,0.19823837280273438,0.99951171875,550,1.0,1.0,1.0,1.0,0.9990234375,1.0,0.99951171875,0.99951171875,0.9986978769302368,1.0,0.9996744394302368,1.0
4049,4,14,94,0.998046875,0.9970703125,True,True,0.30461883544921875,0.99853515625,550,0.9996744394302368,1.0,1.0,1.0,1.0,1.0,0.99853515625,0.99951171875,0.998046875,1.0,1.0,0.99853515625
4049,4,20,130,0.99951171875,0.9990234375,True,True,0.46929931640625,0.998046875,550,1.0,0.99951171875,1.0,1.0,0.99951171875,1.0,1.0,1.0,0.9996744394302368,0.998046875,1.0,1.0
4049,4,26,166,0.99951171875,0.9990234375,True,True,0.4754486083984375,0.99951171875,575,0.9996744394302368,0.99951171875,1.0,1.0,0.99951171875,0.99951171875,1.0,1.0,1.0,0.99951171875,1.0,1.0
4049,5,4,34,0.98291015625,0.9619140625,True,True,0.09111213684082031,0.7587890625,500,0.9990234375,1.0,0.9996744394302368,1.0,0.99755859375,0.9599609375,0.98291015625,0.880859375,0.9899088144302368,0.7587890625,0.9957681894302368,0.9658203125
4049,5,5,40,0.99755859375,0.9921875,True,True,0.045452117919921875,0.52099609375,575,0.9996744394302368,1.0,0.9986978769302368,1.0,0.99951171875,0.95361328125,0.99755859375,0.52099609375,0.998046875,0.75439453125,0.9983724355697632,0.998046875
4049,5,6,46,0.998046875,0.99609375,True,True,0.044284820556640625,0.99951171875,600,1.0,1.0,1.0,1.0,0.99951171875,0.99951171875,0.9990234375,0.99951171875,0.998046875,1.0,0.9983724355697632,1.0
4049,5,8,58,0.9990234375,0.99755859375,True,True,0.10227203369140625,0.66015625,575,0.9990234375,1.0,1.0,1.0,0.99951171875,0.97021484375,0.9990234375,0.8173828125,1.0,0.66015625,0.9996744394302368,0.99951171875
4049,5,10,70,0.9990234375,0.9970703125,True,True,0.141204833984375,0.771484375,575,1.0,1.0,1.0,1.0,0.9990234375,0.771484375,0.99951171875,0.99365234375,1.0,0.99560546875,0.9990234375,0.99853515625
4049,5,14,94,0.9990234375,0.998046875,True,True,0.2212982177734375,0.99951171875,575,1.0,1.0,1.0,1.0,0.99951171875,1.0,0.9990234375,1.0,0.9996744394302368,1.0,1.0,0.99951171875
4049,5,20,130,0.99853515625,0.99658203125,True,True,0.4579620361328125,0.97900390625,550,1.0,1.0,1.0,1.0,0.99853515625,0.9951171875,0.99853515625,0.99462890625,0.9996744394302368,0.99951171875,1.0,0.97900390625
4049,5,26,166,0.9990234375,0.99755859375,True,True,0.3211822509765625,0.99169921875,600,0.9996744394302368,1.0,1.0,1.0,0.9990234375,0.99951171875,0.99951171875,1.0,0.9996744394302368,0.99853515625,1.0,0.99169921875
4061,1,4,34,0.5068359375,0.21875,True,False,0.06153297424316406,0.1357421875,525,0.9990234375,0.25146484375,0.9166666269302368,0.63671875,0.5068359375,0.1357421875,0.51123046875,0.41552734375,0.9892578125,0.75146484375,0.99609375,0.255859375
4061,1,5,40,0.50439453125,0.2490234375,True,False,0.03043365478515625,0.04345703125,600,0.9996744394302368,0.25048828125,0.9182943105697632,0.63330078125,0.50439453125,0.04345703125,0.5693359375,0.1591796875,0.9889322519302368,0.7548828125,0.9970703125,0.25439453125
4061,1,6,46,0.5205078125,0.27294921875,True,False,0.18378067016601562,0.06005859375,500,1.0,0.25,0.98828125,0.75,0.53173828125,0.06005859375,0.5205078125,0.5390625,0.9986978769302368,0.75,1.0,0.25
4061,1,8,58,0.50830078125,0.24609375,True,False,0.2006683349609375,0.25,525,0.9986978769302368,0.251953125,0.96875,0.759765625,0.50830078125,0.25732421875,0.5185546875,0.5419921875,0.9996744394302368,0.74951171875,1.0,0.25
4061,1,10,70,0.498046875,0.24169921875,True,False,0.14144515991210938,0.0458984375,575,0.9986978769302368,0.251953125,0.95703125,0.697265625,0.498046875,0.0458984375,0.5048828125,0.4150390625,0.9996744394302368,0.74951171875,0.9996744394302368,0.25048828125
4061,1,14,94,0.5126953125,0.2919921875,True,False,0.424468994140625,0.1875,525,0.9986978769302368,0.251953125,0.9944661855697632,0.74951171875,0.5126953125,0.1875,0.5537109375,0.431640625,0.9996744394302368,0.74951171875,1.0,0.25
4061,1,20,130,0.55810546875,0.31494140625,True,False,0.25402069091796875,0.25048828125,600,0.9986978769302368,0.251953125,0.998046875,0.7509765625,0.5830078125,0.2890625,0.55810546875,0.53466796875,0.9996744394302368,0.74951171875,0.9996744394302368,0.25048828125
4061,1,26,166,0.4873046875,0.279296875,True,False,0.463165283203125,0.2509765625,575,0.9986978769302368,0.251953125,1.0,0.75,0.5888671875,0.6240234375,0.4873046875,0.390625,0.9996744394302368,0.74951171875,0.9993489980697632,0.2509765625
4061,2,4,34,0.6328125,0.4306640625,True,False,0.0275421142578125,0.1953125,575,0.9986978769302368,0.9970703125,0.9677734375,0.98876953125,0.65478515625,0.1953125,0.6328125,0.3251953125,0.95703125,0.9560546875,0.9895833730697632,0.9853515625
4061,2,5,40,0.6591796875,0.4599609375,True,False,0.030429840087890625,0.37646484375,600,0.9990234375,0.9990234375,1.0,1.0,0.6591796875,0.37646484375,0.7060546875,0.37744140625,0.9899088144302368,0.98046875,0.9912109375,0.9755859375
4061,2,6,46,0.70654296875,0.51513671875,True,False,0.043682098388671875,0.3662109375,600,1.0,0.99853515625,0.9837239980697632,0.99267578125,0.70751953125,0.36962890625,0.70654296875,0.3662109375,0.9755859375,0.9638671875,1.0,0.97412109375
4061,2,8,58,0.70068359375,0.52978515625,True,False,0.07170867919921875,0.43505859375,600,0.9990234375,0.9970703125,0.986328125,0.98193359375,0.72216796875,0.47021484375,0.70068359375,0.43505859375,0.984375,0.9892578125,0.9925130605697632,0.98828125
4061,2,10,70,0.7353515625,0.48388671875,True,False,0.14144515991210938,0.4482421875,575,0.9886068105697632,0.99951171875,0.974609375,0.98828125,0.7353515625,0.4482421875,0.75537109375,0.740234375,0.9996744394302368,1.0,0.9996744394302368,0.99951171875
4061,2,14,94,0.72802734375,0.5263671875,True,False,0.42684173583984375,0.7392578125,525,0.9889322519302368,0.99853515625,0.998046875,1.0,0.7392578125,0.7392578125,0.72802734375,0.85693359375,0.9996744394302368,0.99951171875,1.0,0.998046875
4061,2,20,130,0.9993489980697632,0.998046875,True,True,0.2494049072265625,0.74951171875,600,0.9993489980697632,0.9990234375,1.0,0.99462890625,0.99951171875,0.74951171875,0.99951171875,0.75,1.0,0.99658203125,1.0,1.0
4061,2,26,166,0.703125,0.52197265625,True,False,0.4568328857421875,0.765625,575,1.0,0.99267578125,0.9990234375,0.99169921875,0.73388671875,0.765625,0.703125,0.78125,0.9996744394302368,0.99951171875,1.0,0.99267578125
4061,3,4,34,0.97802734375,0.955078125,True,True,0.018415451049804688,0.24560546875,600,1.0,0.75,0.9912109375,0.24560546875,0.97802734375,0.53857421875,0.990234375,0.97705078125,0.9860025644302368,0.9990234375,0.998046875,0.9375
4061,3,5,40,0.99560546875,0.98828125,True,True,0.06493377685546875,0.25048828125,550,1.0,0.75,0.9996744394302368,0.25048828125,0.99609375,0.52099609375,0.99560546875,0.728515625,0.9986978769302368,0.99951171875,0.9973958730697632,0.9990234375
4061,3,6,46,0.9970703125,0.99072265625,True,True,0.04357147216796875,0.25,600,0.9990234375,1.0,1.0,0.25,0.9970703125,0.55322265625,0.99853515625,0.88134765625,0.9977213144302368,1.0,0.9993489980697632,0.9990234375
4061,3,8,58,0.9967447519302368,0.99560546875,True,True,0.20067214965820312,0.50146484375,525,1.0,1.0,1.0,1.0,0.99951171875,0.50146484375,0.99853515625,0.86962890625,0.9967447519302368,0.52587890625,0.9990234375,1.0
4061,3,10,70,0.99755859375,0.994140625,True,True,0.13995742797851562,0.77734375,575,1.0,1.0,1.0,1.0,0.9990234375,0.80712890625,0.99755859375,1.0,0.9990234375,0.77734375,0.998046875,1.0
4061,3,14,94,0.96533203125,0.9638671875,True,True,0.15662384033203125,0.99755859375,600,1.0,1.0,1.0,1.0,0.9990234375,0.99755859375,0.96533203125,1.0,0.9996744394302368,0.99951171875,1.0,1.0
4061,3,20,130,0.998046875,0.99560546875,True,True,0.236328125,0.25,600,0.9993489980697632,0.7490234375,1.0,0.25,0.99853515625,0.99951171875,0.998046875,0.998046875,1.0,0.99951171875,1.0,1.0
4061,3,26,166,0.99853515625,0.99609375,True,True,0.3243255615234375,0.25,600,0.9993489980697632,0.7490234375,1.0,0.25,0.99853515625,0.49853515625,0.99853515625,0.75048828125,1.0,0.9814453125,1.0,0.99951171875
4061,4,4,34,0.986328125,0.96044921875,True,True,0.09099578857421875,0.9931640625,500,0.9993489980697632,1.0,1.0,1.0,0.9990234375,0.99462890625,0.986328125,0.9931640625,0.9873046875,0.99755859375,0.9921875,0.99755859375
4061,4,5,40,0.99658203125,0.994140625,True,True,0.030429840087890625,0.69091796875,600,0.9996744394302368,1.0,1.0,1.0,1.0,0.69091796875,0.99658203125,0.7509765625,0.998046875,1.0,1.0,1.0
4061,4,6,46,0.99755859375,0.994140625,True,True,0.043567657470703125,0.82177734375,600,0.9990234375,0.99853515625,0.998046875,1.0,0.99755859375,0.82177734375,0.99853515625,0.994140625,0.9996744394302368,1.0,1.0,0.87158203125
4061,4,8,58,0.9990234375,0.99755859375,True,True,0.1428070068359375,0.74951171875,550,0.9990234375,1.0,1.0,0.94189453125,0.9990234375,0.75,0.99951171875,0.74951171875,0.9996744394302368,0.9814453125,1.0,1.0
4061,4,10,70,0.9977213144302368,0.9951171875,True,True,0.19726943969726562,0.998046875,550,1.0,1.0,1.0,1.0,0.99853515625,0.99951171875,0.998046875,0.998046875,0.9977213144302368,1.0,1.0,1.0
4061,4,14,94,0.99951171875,0.99951171875,True,True,0.22325897216796875,0.64111328125,575,1.0,1.0,1.0,1.0,0.99951171875,0.75,1.0,0.64111328125,1.0,1.0,1.0,0.7412109375
4061,4,20,130,0.998046875,0.99560546875,True,True,0.33306121826171875,0.998046875,575,0.9990234375,1.0,1.0,1.0,0.9990234375,1.0,0.998046875,1.0,0.9996744394302368,0.99951171875,0.9990234375,0.998046875
4061,4,26,166,0.99951171875,0.9990234375,True,True,0.4462738037109375,0.99853515625,575,1.0,0.99853515625,1.0,1.0,1.0,0.99951171875,0.99951171875,1.0,0.9996744394302368,0.99951171875,1.0,0.99951171875
4061,5,4,34,0.9964193105697632,0.98974609375,True,True,0.018415451049804688,0.9921875,600,0.9990234375,1.0,0.9990234375,0.9921875,0.99853515625,0.99951171875,0.9990234375,0.9970703125,0.9964193105697632,1.0,0.9977213144302368,0.9970703125
4061,5,5,40,0.99755859375,0.9931640625,True,True,0.030429840087890625,0.98828125,600,0.9996744394302368,1.0,1.0,1.0,0.9990234375,0.99951171875,0.99755859375,0.98828125,0.9977213144302368,1.0,0.9977213144302368,0.99853515625
4061,5,6,46,0.9964193105697632,0.99169921875,True,True,0.18378067016601562,0.4990234375,500,0.9990234375,1.0,0.9990234375,1.0,0.99853515625,0.94384765625,0.9990234375,0.4990234375,0.9964193105697632,0.99609375,0.9990234375,0.53564453125
4061,5,8,58,0.9990234375,0.998046875,True,True,0.396240234375,0.77197265625,475,1.0,1.0,1.0,1.0,0.9990234375,0.9990234375,0.99951171875,0.9150390625,0.9990234375,1.0,1.0,0.77197265625
4061,5,10,70,0.9990234375,0.9970703125,True,True,0.197235107421875,0.70849609375,550,0.9996744394302368,1.0,1.0,1.0,0.9990234375,1.0,0.9990234375,1.0,1.0,0.70849609375,0.9996744394302368,1.0
4061,5,14,94,0.9990234375,0.99853515625,True,True,0.41657257080078125,0.99853515625,525,1.0,0.99951171875,1.0,1.0,0.9990234375,1.0,1.0,1.0,0.9996744394302368,1.0,1.0,0.99853515625
4061,5,20,130,0.9990234375,0.99853515625,True,True,0.33917236328125,0.994140625,575,1.0,0.9990234375,1.0,1.0,0.9990234375,0.994140625,0.99951171875,1.0,1.0,1.0,1.0,0.9970703125
4061,5,26,166,0.9990234375,0.998046875,True,True,0.4531402587890625,0.99951171875,575,1.0,0.99951171875,1.0,1.0,0.9990234375,1.0,0.99951171875,0.99951171875,0.9996744394302368,0.99951171875,1.0,1.0
4079,1,4,34,0.5126953125,0.24951171875,True,False,0.02793121337890625,0.1533203125,575,1.0,0.25,0.9088541269302368,0.6328125,0.5126953125,0.1533203125,0.52490234375,0.25830078125,0.9967447519302368,0.7451171875,0.998046875,0.2529296875
4079,1,5,40,0.49951171875,0.21337890625,True,False,0.06543350219726562,0.068359375,550,1.0,0.25,0.9153646230697632,0.62890625,0.501953125,0.068359375,0.49951171875,0.23291015625,0.9951171875,0.75244140625,0.9986978769302368,0.251953125
4079,1,6,46,0.50244140625,0.22705078125,True,False,0.12931060791015625,0.02587890625,525,1.0,0.25,0.912109375,0.6357421875,0.50244140625,0.02587890625,0.5068359375,0.3447265625,0.9996744394302368,0.74951171875,1.0,0.25
4079,1,8,58,0.4990234375,0.22998046875,True,False,0.282318115234375,0.05224609375,500,1.0,0.25,0.9205728769302368,0.6328125,0.53076171875,0.05224609375,0.4990234375,0.197265625,0.9996744394302368,0.74951171875,0.9996744394302368,0.25048828125
4079,1,10,70,0.5009765625,0.228515625,True,False,0.3825111389160156,0.0126953125,500,1.0,0.25,0.9212239980697632,0.6318359375,0.5009765625,0.0126953125,0.5185546875,0.076171875,0.9993489980697632,0.7490234375,1.0,0.25
4079,1,14,94,0.53564453125,0.27392578125,True,False,0.4249725341796875,0.10400390625,525,1.0,0.25,0.9208984375,0.63134765625,0.53564453125,0.10400390625,0.552734375,0.2900390625,0.9977213144302368,0.74658203125,1.0,0.25
4079,1,20,130,0.5,0.251953125,True,False,0.47739410400390625,0.212890625,550,1.0,0.25,0.9996744394302368,0.74951171875,0.5,0.212890625,0.52978515625,0.42333984375,0.9996744394302368,0.74951171875,1.0,0.25
4079,1,26,166,0.49267578125,0.27294921875,True,False,0.472686767578125,0.25,575,1.0,0.25,0.9996744394302368,0.74951171875,0.49267578125,0.36279296875,0.56201171875,0.36865234375,1.0,0.75,0.9996744394302368,0.25048828125
4079,2,4,34,0.9876302480697632,0.95654296875,True,True,0.018949508666992188,0.2490234375,600,0.98828125,0.755859375,0.990234375,0.2490234375,0.990234375,0.5,0.9931640625,0.498046875,0.9876302480697632,0.2626953125,0.9957681894302368,0.74755859375
4079,2,5,40,0.9951171875,0.98828125,True,True,0.030961990356445312,0.2509765625,600,0.998046875,0.7509765625,0.9990234375,0.25146484375,0.998046875,0.4990234375,0.9951171875,0.50390625,0.9993489980697632,0.2509765625,0.9990234375,0.74853515625
4079,2,6,46,0.99560546875,0.9912109375,True,True,0.044094085693359375,0.24853515625,600,1.0,0.75,1.0,0.25,0.99853515625,0.49951171875,0.99560546875,0.49853515625,0.9970703125,0.24853515625,0.9990234375,0.74853515625
4079,2,8,58,0.99560546875,0.9931640625,True,True,0.101715087890625,0.25,575,1.0,0.75,0.9996744394302368,0.25048828125,0.9990234375,0.4990234375,0.99560546875,0.49853515625,1.0,0.25,0.9990234375,0.74853515625
4079,2,10,70,0.99658203125,0.9951171875,True,True,0.10169219970703125,0.25,600,1.0,0.75,0.9996744394302368,0.25048828125,0.99951171875,0.50048828125,0.99658203125,0.49951171875,1.0,0.25,0.9996744394302368,0.74951171875
4079,2,14,94,0.9993489980697632,0.998046875,True,True,0.22296905517578125,0.25,575,1.0,0.75,1.0,0.25,0.99951171875,0.50048828125,0.99951171875,0.49951171875,1.0,0.25,0.9993489980697632,0.7490234375
4079,2,20,130,0.99853515625,0.99560546875,True,True,0.2526092529296875,0.25,600,0.9996744394302368,0.74951171875,1.0,0.25,0.99853515625,0.49951171875,0.99853515625,0.49951171875,1.0,0.25,0.9993489980697632,0.7490234375
4079,2,26,166,0.9993489980697632,0.998046875,True,True,0.33892822265625,0.25,600,0.9996744394302368,0.74951171875,1.0,0.25,1.0,0.5,0.99951171875,0.49951171875,1.0,0.25,0.9993489980697632,0.7490234375
4079,3,4,34,0.8525390625,0.83203125,True,False,0.018949508666992188,0.4296875,600,1.0,0.99951171875,0.998046875,0.99365234375,0.98193359375,0.59912109375,0.8525390625,0.4296875,0.9788411855697632,0.93115234375,0.9892578125,0.99462890625
4079,3,5,40,0.99560546875,0.99072265625,True,True,0.13697242736816406,0.65234375,500,0.998046875,1.0,0.998046875,1.0,0.99560546875,0.68896484375,0.9970703125,0.65234375,0.9990234375,0.98486328125,1.0,0.9150390625
4079,3,6,46,0.9931640625,0.99072265625,True,True,0.044094085693359375,0.49951171875,600,1.0,1.0,0.9990234375,1.0,0.99951171875,0.49951171875,0.9931640625,0.74560546875,0.9990234375,0.94873046875,0.9986978769302368,0.890625
4079,3,8,58,0.99853515625,0.998046875,True,True,0.07237625122070312,0.59521484375,600,1.0,1.0,0.9996744394302368,1.0,1.0,0.75,0.99853515625,1.0,1.0,0.99951171875,1.0,0.59521484375
4079,3,10,70,0.9990234375,0.9970703125,True,True,0.19775772094726562,0.7490234375,550,0.9990234375,1.0,0.9990234375,1.0,0.9990234375,0.7490234375,0.9990234375,0.7490234375,1.0,0.99755859375,1.0,0.8974609375
4079,3,14,94,0.99609375,0.9921875,True,True,0.15805816650390625,0.75048828125,600,1.0,1.0,0.9986978769302368,0.99951171875,0.99853515625,0.75048828125,0.99609375,1.0,0.9986978769302368,0.99755859375,0.9996744394302368,0.99755859375
4079,3,20,130,0.99853515625,0.99853515625,True,True,0.46053314208984375,0.99755859375,550,1.0,1.0,1.0,0.99853515625,1.0,0.99755859375,0.99853515625,0.99951171875,1.0,1.0,1.0,1.0
4079,3,26,166,0.9990234375,0.9970703125,True,True,0.451416015625,0.998046875,575,1.0,1.0,0.9993489980697632,0.9990234375,0.99951171875,0.9990234375,0.9990234375,0.998046875,0.9996744394302368,0.998046875,1.0,0.99951171875
4079,4,4,34,0.88232421875,0.8154296875,True,False,0.018949508666992188,0.57666015625,600,1.0,1.0,0.990234375,1.0,0.9462890625,0.57666015625,0.88232421875,0.63818359375,0.9925130605697632,0.875,0.9798177480697632,0.99609375
4079,4,5,40,0.994140625,0.9873046875,True,True,0.044857025146484375,0.63525390625,575,1.0,1.0,1.0,1.0,0.9970703125,0.69189453125,0.9951171875,0.63525390625,0.994140625,0.9970703125,1.0,0.9853515625
4079,4,6,46,0.9983724355697632,0.99560546875,True,True,0.0630950927734375,0.5205078125,575,0.9990234375,1.0,0.9996744394302368,1.0,0.99951171875,0.9755859375,0.9990234375,0.75,1.0,0.5205078125,0.9983724355697632,0.99755859375
4079,4,8,58,0.9990234375,0.998046875,True,True,0.3971595764160156,0.73388671875,475,1.0,1.0,0.9996744394302368,1.0,0.9990234375,0.99951171875,0.99951171875,0.958984375,1.0,1.0,1.0,0.73388671875
4079,4,10,70,0.9986978769302368,0.99853515625,True,True,0.3824501037597656,0.74951171875,500,1.0,1.0,0.9986978769302368,0.99951171875,1.0,0.74951171875,0.99951171875,0.970703125,1.0,0.93994140625,1.0,1.0
4079,4,14,94,0.9990234375,0.9990234375,True,True,0.30791473388671875,0.99560546875,550,0.9990234375,1.0,0.9996744394302368,0.99951171875,1.0,1.0,1.0,1.0,1.0,1.0,1.0,0.99560546875
4079,4,20,130,0.99853515625,0.9970703125,True,True,0.46234893798828125,0.99951171875,550,0.9990234375,1.0,0.9996744394302368,0.99951171875,1.0,1.0,0.99853515625,1.0,0.9990234375,1.0,1.0,1.0
4079,4,26,166,0.99951171875,0.99853515625,True,True,0.45489501953125,0.99658203125,575,1.0,1.0,0.9996744394302368,0.99951171875,0.99951171875,1.0,0.99951171875,0.99658203125,1.0,1.0,1.0,0.9970703125
4079,5,4,34,0.9931640625,0.98388671875,True,True,0.018949508666992188,0.96923828125,600,0.998046875,1.0,0.9986978769302368,0.99951171875,1.0,0.96923828125,0.99560546875,1.0,0.9931640625,1.0,0.9964193105697632,0.9990234375
4079,5,5,40,0.99755859375,0.99365234375,True,True,0.09477615356445312,0.93798828125,525,0.998046875,1.0,0.9996744394302368,0.99951171875,0.99755859375,0.93798828125,0.9990234375,1.0,0.9983724355697632,1.0,1.0,0.9990234375
4079,5,6,46,0.99853515625,0.99462890625,True,True,0.044094085693359375,0.7880859375,600,1.0,1.0,0.9993489980697632,0.7880859375,0.99853515625,0.931640625,0.9990234375,1.0,0.9996744394302368,1.0,0.9990234375,0.87841796875
4079,5,8,58,0.9990234375,0.998046875,True,True,0.101715087890625,0.87548828125,575,1.0,1.0,1.0,1.0,0.99951171875,1.0,0.9990234375,1.0,1.0,1.0,0.9996744394302368,0.87548828125
4079,5,10,70,0.99951171875,0.99951171875,True,True,0.19776153564453125,0.9970703125,550,1.0,1.0,1.0,1.0,0.99951171875,0.99951171875,1.0,0.99951171875,1.0,1.0,1.0,0.9970703125
4079,5,14,94,0.9990234375,0.99755859375,True,True,0.22057342529296875,0.99755859375,575,0.9990234375,1.0,0.9993489980697632,0.9990234375,1.0,1.0,0.9990234375,1.0,1.0,1.0,1.0,0.99755859375
4079,5,20,130,0.9990234375,0.998046875,True,True,0.4677581787109375,0.99853515625,550,1.0,1.0,0.9993489980697632,0.99853515625,1.0,1.0,0.9990234375,0.99951171875,1.0,1.0,1.0,1.0
4079,5,26,166,0.998046875,0.99609375,True,True,0.3285675048828125,0.99853515625,600,1.0,1.0,1.0,0.9990234375,0.998046875,0.99853515625,0.99853515625,1.0,1.0,1.0,0.9996744394302368,0.99951171875
