auxiliary_source,auxiliary_weight,complete,condition,condition_role,convergence_step,direct_delay_supervision,direction_coordinate_initial,direction_coordinate_target,final_auxiliary_loss,final_current_centroid,final_delay_steps,final_hard_loss,final_hard_spike_arrival,final_hard_spike_count,final_hard_spike_w1_steps,final_nominal_delay_error_steps,final_pre_reset_centroid,final_total_loss,final_total_raw_gradient,hard_weight,initial_auxiliary_raw_gradient,initial_current_centroid,initial_delay_steps,initial_gradient_conflict,initial_hard_raw_gradient,initial_hard_spike_arrival,initial_hard_spike_count,initial_hard_spike_w1_steps,initial_pre_reset_centroid,initial_raw,initial_total_raw_gradient,learning_rate,maximum_hard_spike_count_during_training,minimum_hard_spike_count_during_training,optimizer_steps,protocol_id,recovered_exact_hard_arrival,stochastic_seed,target_arrival_step,target_current_centroid,target_hard_spike_arrival,target_nominal_delay_steps,target_pre_reset_centroid,test_split_opened
synaptic_current,1.0,True,current_soft_only,bridge_positive_control,24,False,3.1438896656036377,4.0,1.229636836796999e-09,3.999950408935547,0.9999502897262573,0.0,4.0,1.0,0.0,4.971027374267578e-05,3.9999501705169678,1.229636836796999e-09,-4.3390329665271565e-05,0.0,-0.12096980214118958,3.1438896656036377,0.1438896805047989,False,-0.006932354997843504,3.0,1.0,1.0,3.0,-4.0,-0.12096980214118958,0.05,1.0,1.0,200,delay_hard_output_soft_credit_level0d_v1,True,,4,4.0,4.0,1.0,4.0,False
synaptic_current,1.0,True,current_soft_only,bridge_positive_control,0,False,3.9536232948303223,4.0,0.0,4.0,1.0,0.0,4.0,1.0,0.0,0.0,4.0,0.0,0.0,0.0,-0.038954053074121475,3.9536232948303223,0.953623354434967,False,0.0,4.0,1.0,0.0,3.955491065979004,-2.0,-0.038954053074121475,0.05,1.0,1.0,200,delay_hard_output_soft_credit_level0d_v1,True,,4,4.0,4.0,1.0,4.0,False
synaptic_current,1.0,True,current_soft_only,bridge_positive_control,39,False,7.0,4.0,2.6197130864602514e-07,4.000723838806152,1.000723958015442,0.0,4.0,1.0,0.0,0.0007239580154418945,4.0,2.6197130864602514e-07,0.0006337519735097885,0.0,6.0,7.0,4.0,True,-0.16623477637767792,7.0,1.0,3.0,7.0,0.0,6.0,0.05,1.0,1.0,200,delay_hard_output_soft_credit_level0d_v1,True,,4,4.0,4.0,1.0,4.0,False
synaptic_current,1.0,True,current_soft_only,bridge_positive_control,96,False,10.04637622833252,4.0,0.0030492995865643024,4.078093528747559,1.078093409538269,0.0,4.0,1.0,0.0,0.07809340953826904,4.0,0.0030492995865643024,0.07284624129533768,0.0,5.078649997711182,10.04637622833252,7.0463762283325195,True,-0.10218752175569534,10.0,1.0,6.0,10.0,2.0,5.078649997711182,0.05,1.0,1.0,200,delay_hard_output_soft_credit_level0d_v1,True,,4,4.0,4.0,1.0,4.0,False
synaptic_current,1.0,True,current_soft_only,bridge_positive_control,105,False,10.856110572814941,4.0,0.0024349146988242865,4.069784164428711,1.0697842836380005,0.0,4.0,1.0,0.0,0.06978428363800049,4.0,0.0024349146988242865,0.06467104703187943,0.0,0.968781054019928,10.856110572814941,7.856110095977783,True,-0.010760667733848095,11.0,1.0,7.0,10.872686386108398,4.0,0.968781054019928,0.05,1.0,1.0,200,delay_hard_output_soft_credit_level0d_v1,True,,4,4.0,4.0,1.0,4.0,False
synaptic_current,1.0,True,current_soft_only,bridge_positive_control,71,False,3.1438896656036377,8.0,4.7003709369164426e-08,7.999693393707275,4.999693393707275,0.0,8.0,1.0,0.0,0.0003066062927246094,7.999693870544434,4.7003709369164426e-08,-0.0005749103147536516,0.0,-0.6861764192581177,3.1438896656036377,0.1438896805047989,False,-0.019849730655550957,3.0,1.0,5.0,3.0,-4.0,-0.6861764192581177,0.05,1.0,1.0,200,delay_hard_output_soft_credit_level0d_v1,True,,8,8.0,8.0,5.0,8.0,False
synaptic_current,1.0,True,current_soft_only,bridge_positive_control,47,False,3.9536232948303223,8.0,4.0247982724395115e-08,7.999716281890869,4.999716281890869,0.0,8.0,1.0,0.0,0.0002837181091308594,7.999716281890869,4.0247982724395115e-08,-0.0005319915944710374,0.0,-3.3987491130828857,3.9536232948303223,0.953623354434967,False,-0.05020797252655029,4.0,1.0,4.0,3.955491065979004,-2.0,-3.3987491130828857,0.05,1.0,1.0,200,delay_hard_output_soft_credit_level0d_v1,True,,8,8.0,8.0,5.0,8.0,False
synaptic_current,1.0,True,current_soft_only,bridge_positive_control,5,False,7.0,8.0,7.685230229981244e-11,8.000012397766113,5.000012397766113,0.0,8.0,1.0,0.0,1.239776611328125e-05,8.0,7.685230229981244e-11,2.324577326362487e-05,0.0,-2.0,7.0,4.0,False,-0.07499024271965027,7.0,1.0,1.0,7.0,0.0,-2.0,0.05,1.0,1.0,200,delay_hard_output_soft_credit_level0d_v1,True,,8,8.0,8.0,5.0,8.0,False
synaptic_current,1.0,True,current_soft_only,bridge_positive_control,25,False,10.04637622833252,8.0,2.7666828827932477e-09,8.00007438659668,5.000074863433838,0.0,8.0,1.0,0.0,7.486343383789062e-05,8.0,2.7666828827932477e-09,0.00013947347179055214,0.0,1.7188524007797241,10.04637622833252,7.0463762283325195,True,-0.05750516802072525,10.0,1.0,2.0,10.0,2.0,1.7188524007797241,0.05,1.0,1.0,200,delay_hard_output_soft_credit_level0d_v1,True,,8,8.0,8.0,5.0,8.0,False
synaptic_current,1.0,True,current_soft_only,bridge_positive_control,56,False,10.856110572814941,8.0,1.6502895050507504e-08,7.999818325042725,4.999818325042725,0.0,8.0,1.0,0.0,0.00018167495727539062,7.999818801879883,1.6502895050507504e-08,-0.0003406487812753767,0.0,0.4035739004611969,10.856110572814941,7.856110095977783,True,-0.0030272917356342077,11.0,1.0,3.0,10.872686386108398,4.0,0.4035739004611969,0.05,1.0,1.0,200,delay_hard_output_soft_credit_level0d_v1,True,,8,8.0,8.0,5.0,8.0,False
synaptic_current,1.0,True,current_soft_only,bridge_positive_control,102,False,3.1438896656036377,10.0,0.0024349146988242865,9.930215835571289,6.930215835571289,0.0,10.0,1.0,0.0,0.06978416442871094,9.93436050415039,0.0024349146988242865,-0.06467103213071823,0.0,-0.9687795639038086,3.1438896656036377,0.1438896805047989,False,-0.022117862477898598,3.0,1.0,7.0,3.0,-4.0,-0.9687795639038086,0.05,1.0,1.0,200,delay_hard_output_soft_credit_level0d_v1,True,,10,10.0,10.0,7.0,10.0,False
synaptic_current,1.0,True,current_soft_only,bridge_positive_control,91,False,3.9536232948303223,10.0,0.0030492995865643024,9.921906471252441,6.921906471252441,0.0,10.0,1.0,0.0,0.0780935287475586,9.9270601272583,0.0030492995865643024,-0.07284625619649887,0.0,-5.078646659851074,3.9536232948303223,0.953623354434967,False,-0.05902388319373131,4.0,1.0,6.0,3.955491065979004,-2.0,-5.078646659851074,0.05,1.0,1.0,200,delay_hard_output_soft_credit_level0d_v1,True,,10,10.0,10.0,7.0,10.0,False
synaptic_current,1.0,True,current_soft_only,bridge_positive_control,37,False,7.0,10.0,2.6197130864602514e-07,9.999276161193848,6.999276161193848,0.0,10.0,1.0,0.0,0.0007238388061523438,9.999277114868164,2.6197130864602514e-07,-0.0006337518570944667,0.0,-6.0,7.0,4.0,False,-0.16777074337005615,7.0,1.0,3.0,7.0,0.0,-6.0,0.05,1.0,1.0,200,delay_hard_output_soft_credit_level0d_v1,True,,10,10.0,10.0,7.0,10.0,False
synaptic_current,1.0,True,current_soft_only,bridge_positive_control,0,False,10.04637622833252,10.0,1.8189894035458565e-12,10.000001907348633,7.000002384185791,0.0,10.0,1.0,0.0,2.384185791015625e-06,10.0,1.8189894035458565e-12,1.6689266431058059e-06,0.0,0.038953665643930435,10.04637622833252,7.0463762283325195,False,0.0,10.0,1.0,0.0,10.0,2.0,0.038953665643930435,0.05,1.0,1.0,200,delay_hard_output_soft_credit_level0d_v1,True,,10,10.0,10.0,7.0,10.0,False
synaptic_current,1.0,True,current_soft_only,bridge_positive_control,26,False,10.856110572814941,10.0,1.229636836796999e-09,10.000049591064453,7.000049114227295,0.0,10.0,1.0,0.0,4.9114227294921875e-05,10.0,1.229636836796999e-09,4.339035149314441e-05,0.0,0.12097002565860748,10.856110572814941,7.856110095977783,False,0.006925386842340231,11.0,1.0,1.0,10.872686386108398,4.0,0.12097002565860748,0.05,1.0,1.0,200,delay_hard_output_soft_credit_level0d_v1,True,,10,10.0,10.0,7.0,10.0,False
none,0.0,True,hard_filtered_only,negative_control,24,False,3.0,4.0,0.0,3.8782167434692383,0.8782167434692383,0.0,4.0,1.0,0.0,0.12178325653076172,3.8903045654296875,0.0,0.0,1.0,0.0,3.1438896656036377,0.1438896805047989,False,-0.006932354997843504,3.0,1.0,1.0,3.0,-4.0,-0.006932354997843504,0.05,1.0,1.0,200,delay_hard_output_soft_credit_level0d_v1,True,,4,4.0,4.0,1.0,4.0,False
none,0.0,True,hard_filtered_only,negative_control,0,False,4.0,4.0,0.0,3.9536232948303223,0.953623354434967,0.0,4.0,1.0,0.0,0.04637664556503296,3.955491065979004,0.0,0.0,1.0,0.0,3.9536232948303223,0.953623354434967,False,0.0,4.0,1.0,0.0,3.955491065979004,-2.0,0.0,0.05,1.0,1.0,200,delay_hard_output_soft_credit_level0d_v1,True,,4,4.0,4.0,1.0,4.0,False
none,0.0,True,hard_filtered_only,negative_control,,False,7.0,4.0,0.0,10.867314338684082,7.86731481552124,0.22824548184871674,11.0,1.0,7.0,6.86731481552124,10.881537437438965,0.22824548184871674,-0.009697606787085533,1.0,0.0,7.0,4.0,False,-0.16623477637767792,7.0,1.0,3.0,7.0,0.0,-0.16623477637767792,0.05,1.0,1.0,200,delay_hard_output_soft_credit_level0d_v1,False,,4,4.0,4.0,1.0,4.0,False
none,0.0,True,hard_filtered_only,negative_control,,False,10.0,4.0,0.0,10.942062377929688,7.9420623779296875,0.22824548184871674,11.0,1.0,7.0,6.9420623779296875,10.94494915008545,0.22824548184871674,-0.0036506999749690294,1.0,0.0,10.04637622833252,7.0463762283325195,False,-0.10218752175569534,10.0,1.0,6.0,10.0,2.0,-0.10218752175569534,0.05,1.0,1.0,200,delay_hard_output_soft_credit_level0d_v1,False,,4,4.0,4.0,1.0,4.0,False
none,0.0,True,hard_filtered_only,negative_control,,False,11.0,4.0,0.0,10.995038032531738,7.995038032531738,0.22824548184871674,11.0,1.0,7.0,6.995038032531738,10.995059967041016,0.22824548184871674,-0.0002827279095072299,1.0,0.0,10.856110572814941,7.856110095977783,False,-0.010760667733848095,11.0,1.0,7.0,10.872686386108398,4.0,-0.010760667733848095,0.05,1.0,1.0,200,delay_hard_output_soft_credit_level0d_v1,False,,4,4.0,4.0,1.0,4.0,False
none,0.0,True,hard_filtered_only,negative_control,73,False,3.0,8.0,0.0,8.46889877319336,5.468898296356201,0.0,8.0,1.0,0.0,0.46889829635620117,7.999999523162842,0.0,0.0,1.0,0.0,3.1438896656036377,0.1438896805047989,False,-0.019849730655550957,3.0,1.0,5.0,3.0,-4.0,-0.019849730655550957,0.05,1.0,1.0,200,delay_hard_output_soft_credit_level0d_v1,True,,8,8.0,8.0,5.0,8.0,False
none,0.0,True,hard_filtered_only,negative_control,49,False,4.0,8.0,0.0,8.304403305053711,5.304402828216553,0.0,8.0,1.0,0.0,0.30440282821655273,8.0,0.0,0.0,1.0,0.0,3.9536232948303223,0.953623354434967,False,-0.05020797252655029,4.0,1.0,4.0,3.955491065979004,-2.0,-0.05020797252655029,0.05,1.0,1.0,200,delay_hard_output_soft_credit_level0d_v1,True,,8,8.0,8.0,5.0,8.0,False
none,0.0,True,hard_filtered_only,negative_control,5,False,7.0,8.0,0.0,8.296792030334473,5.296792030334473,0.0,8.0,1.0,0.0,0.29679203033447266,8.0,0.0,0.0,1.0,0.0,7.0,4.0,False,-0.07499024271965027,7.0,1.0,1.0,7.0,0.0,-0.07499024271965027,0.05,1.0,1.0,200,delay_hard_output_soft_credit_level0d_v1,True,,8,8.0,8.0,5.0,8.0,False
none,0.0,True,hard_filtered_only,negative_control,,False,10.0,8.0,0.0,10.911276817321777,7.9112772941589355,0.16055676341056824,11.0,1.0,3.0,2.9112772941589355,10.91787052154541,0.16055676341056824,-0.0016336514381691813,1.0,0.0,10.04637622833252,7.0463762283325195,False,-0.05750516802072525,10.0,1.0,2.0,10.0,2.0,-0.05750516802072525,0.05,1.0,1.0,200,delay_hard_output_soft_credit_level0d_v1,False,,8,8.0,8.0,5.0,8.0,False
none,0.0,True,hard_filtered_only,negative_control,,False,11.0,8.0,0.0,10.994858741760254,7.994859218597412,0.16055676341056824,11.0,1.0,3.0,2.994859218597412,10.994882583618164,0.16055676341056824,-7.765118789393455e-05,1.0,0.0,10.856110572814941,7.856110095977783,False,-0.0030272917356342077,11.0,1.0,3.0,10.872686386108398,4.0,-0.0030272917356342077,0.05,1.0,1.0,200,delay_hard_output_soft_credit_level0d_v1,False,,8,8.0,8.0,5.0,8.0,False
none,0.0,True,hard_filtered_only,negative_control,98,False,3.0,10.0,0.0,9.84920883178711,6.849208354949951,0.0,10.0,1.0,0.0,0.15079164505004883,9.867313385009766,0.0,0.0,1.0,0.0,3.1438896656036377,0.1438896805047989,False,-0.022117862477898598,3.0,1.0,7.0,3.0,-4.0,-0.022117862477898598,0.05,1.0,1.0,200,delay_hard_output_soft_credit_level0d_v1,True,,10,10.0,10.0,7.0,10.0,False
none,0.0,True,hard_filtered_only,negative_control,82,False,4.0,10.0,0.0,9.771842956542969,6.7718424797058105,0.0,10.0,1.0,0.0,0.22815752029418945,9.810884475708008,0.0,0.0,1.0,0.0,3.9536232948303223,0.953623354434967,False,-0.05902388319373131,4.0,1.0,6.0,3.955491065979004,-2.0,-0.05902388319373131,0.05,1.0,1.0,200,delay_hard_output_soft_credit_level0d_v1,True,,10,10.0,10.0,7.0,10.0,False
none,0.0,True,hard_filtered_only,negative_control,38,False,7.0,10.0,0.0,9.852726936340332,6.852726936340332,0.0,10.0,1.0,0.0,0.14727306365966797,9.870043754577637,0.0,0.0,1.0,0.0,7.0,4.0,False,-0.16777074337005615,7.0,1.0,3.0,7.0,0.0,-0.16777074337005615,0.05,1.0,1.0,200,delay_hard_output_soft_credit_level0d_v1,True,,10,10.0,10.0,7.0,10.0,False
none,0.0,True,hard_filtered_only,negative_control,0,False,10.0,10.0,0.0,10.04637622833252,7.0463762283325195,0.0,10.0,1.0,0.0,0.04637622833251953,10.0,0.0,0.0,1.0,0.0,10.04637622833252,7.0463762283325195,False,0.0,10.0,1.0,0.0,10.0,2.0,0.0,0.05,1.0,1.0,200,delay_hard_output_soft_credit_level0d_v1,True,,10,10.0,10.0,7.0,10.0,False
none,0.0,True,hard_filtered_only,negative_control,25,False,11.0,10.0,0.0,10.068081855773926,7.068081855773926,0.0,10.0,1.0,0.0,0.06808185577392578,10.0,0.0,0.0,1.0,0.0,10.856110572814941,7.856110095977783,False,0.006925386842340231,11.0,1.0,1.0,10.872686386108398,4.0,0.006925386842340231,0.05,1.0,1.0,200,delay_hard_output_soft_credit_level0d_v1,True,,10,10.0,10.0,7.0,10.0,False
synaptic_current,0.01,True,hard_plus_current_lam_0p01,compatibility_candidate,24,False,3.1438896656036377,4.0,7.095195542206056e-10,3.999962329864502,0.9999622106552124,0.0,4.0,1.0,0.0,3.7789344787597656e-05,3.999962091445923,7.095195524858822e-12,-3.2960298312900704e-07,1.0,-0.12096980214118958,3.1438896656036377,0.1438896805047989,False,-0.006932354997843504,3.0,1.0,1.0,3.0,-4.0,-0.00814205314964056,0.05,1.0,1.0,200,delay_hard_output_soft_credit_level0d_v1,True,,4,4.0,4.0,1.0,4.0,False
synaptic_current,0.01,True,hard_plus_current_lam_0p01,compatibility_candidate,0,False,3.9536232948303223,4.0,0.0,4.0,1.0,0.0,4.0,1.0,0.0,0.0,4.0,0.0,0.0,1.0,-0.038954053074121475,3.9536232948303223,0.953623354434967,False,0.0,4.0,1.0,0.0,3.955491065979004,-2.0,-0.0003895404515787959,0.05,1.0,1.0,200,delay_hard_output_soft_credit_level0d_v1,True,,4,4.0,4.0,1.0,4.0,False
synaptic_current,0.01,True,hard_plus_current_lam_0p01,compatibility_candidate,,False,7.0,4.0,23.11168098449707,10.798776626586914,7.798776626586914,0.22824548184871674,11.0,1.0,7.0,6.798776626586914,10.829771041870117,0.459362268447876,-0.0036416365765035152,1.0,6.0,7.0,4.0,True,-0.16623477637767792,7.0,1.0,3.0,7.0,0.0,-0.10623477399349213,0.05,1.0,1.0,200,delay_hard_output_soft_credit_level0d_v1,False,,4,4.0,4.0,1.0,4.0,False
synaptic_current,0.01,True,hard_plus_current_lam_0p01,compatibility_candidate,,False,10.04637622833252,4.0,23.574581146240234,10.866524696350098,7.866524696350098,0.22824548184871674,11.0,1.0,7.0,6.866524696350098,10.880908012390137,0.46399128437042236,-0.0007588887820020318,1.0,5.078649997711182,10.04637622833252,7.0463762283325195,True,-0.10218752175569534,10.0,1.0,6.0,10.0,2.0,-0.05140107125043869,0.05,1.0,1.0,200,delay_hard_output_soft_credit_level0d_v1,False,,4,4.0,4.0,1.0,4.0,False
synaptic_current,0.01,True,hard_plus_current_lam_0p01,compatibility_candidate,,False,10.856110572814941,4.0,23.81804847717285,10.901890754699707,7.901891231536865,0.22824548184871674,11.0,1.0,7.0,6.901891231536865,10.909890174865723,0.46642595529556274,-1.4440060258635867e-09,1.0,0.968781054019928,10.856110572814941,7.856110095977783,True,-0.010760667733848095,11.0,1.0,7.0,10.872686386108398,4.0,-0.0010728511260822415,0.05,1.0,1.0,200,delay_hard_output_soft_credit_level0d_v1,False,,4,4.0,4.0,1.0,4.0,False
synaptic_current,0.01,True,hard_plus_current_lam_0p01,compatibility_candidate,72,False,3.1438896656036377,8.0,0.0020184526219964027,8.063536643981934,5.063536643981934,0.0,8.0,1.0,0.0,0.0635366439819336,8.0,2.018452505581081e-05,0.0011808992130681872,1.0,-0.6861764192581177,3.1438896656036377,0.1438896805047989,False,-0.019849730655550957,3.0,1.0,5.0,3.0,-4.0,-0.026711491867899895,0.05,1.0,1.0,200,delay_hard_output_soft_credit_level0d_v1,True,,8,8.0,8.0,5.0,8.0,False
synaptic_current,0.01,True,hard_plus_current_lam_0p01,compatibility_candidate,48,False,3.9536232948303223,8.0,0.0006112935952842236,8.034965515136719,5.034965991973877,0.0,8.0,1.0,0.0,0.03496599197387695,8.0,6.112935807323083e-06,0.0006524932687170804,1.0,-3.3987491130828857,3.9536232948303223,0.953623354434967,False,-0.05020797252655029,4.0,1.0,4.0,3.955491065979004,-2.0,-0.08419545739889145,0.05,1.0,1.0,200,delay_hard_output_soft_credit_level0d_v1,True,,8,8.0,8.0,5.0,8.0,False
synaptic_current,0.01,True,hard_plus_current_lam_0p01,compatibility_candidate,5,False,7.0,8.0,2.6266206987202168e-09,7.999927520751953,4.999927520751953,0.0,8.0,1.0,0.0,7.2479248046875e-05,7.999927520751953,2.6266206223923838e-11,-1.35899938413786e-06,1.0,-2.0,7.0,4.0,False,-0.07499024271965027,7.0,1.0,1.0,7.0,0.0,-0.09499023854732513,0.05,1.0,1.0,200,delay_hard_output_soft_credit_level0d_v1,True,,8,8.0,8.0,5.0,8.0,False
synaptic_current,0.01,True,hard_plus_current_lam_0p01,compatibility_candidate,,False,10.04637622833252,8.0,3.801778793334961,10.757454872131348,7.757454872131348,0.16055676341056824,11.0,1.0,3.0,2.7574548721313477,10.801105499267578,0.19857454299926758,-4.303332752897404e-05,1.0,1.7188524007797241,10.04637622833252,7.0463762283325195,True,-0.05750516802072525,10.0,1.0,2.0,10.0,2.0,-0.040316663682460785,0.05,1.0,1.0,200,delay_hard_output_soft_credit_level0d_v1,False,,8,8.0,8.0,5.0,8.0,False
synaptic_current,0.01,True,hard_plus_current_lam_0p01,compatibility_candidate,,False,10.856110572814941,8.0,3.8077504634857178,10.75961971282959,7.759620189666748,0.16055676341056824,11.0,1.0,3.0,2.759620189666748,10.802563667297363,0.19863426685333252,-4.169172029833135e-08,1.0,0.4035739004611969,10.856110572814941,7.856110095977783,True,-0.0030272917356342077,11.0,1.0,3.0,10.872686386108398,4.0,0.0010084473760798573,0.05,1.0,1.0,200,delay_hard_output_soft_credit_level0d_v1,False,,8,8.0,8.0,5.0,8.0,False
synaptic_current,0.01,True,hard_plus_current_lam_0p01,compatibility_candidate,96,False,3.1438896656036377,10.0,0.00787748396396637,9.874481201171875,6.874481201171875,0.0,10.0,1.0,0.0,0.125518798828125,9.887283325195312,7.877483585616574e-05,-0.0012139800237491727,1.0,-0.9687795639038086,3.1438896656036377,0.1438896805047989,False,-0.022117862477898598,3.0,1.0,7.0,3.0,-4.0,-0.03180566057562828,0.05,1.0,1.0,200,delay_hard_output_soft_credit_level0d_v1,True,,10,10.0,10.0,7.0,10.0,False
synaptic_current,0.01,True,hard_plus_current_lam_0p01,compatibility_candidate,82,False,3.9536232948303223,10.0,0.014195794239640236,9.831501960754395,6.8315019607543945,0.0,10.0,1.0,0.0,0.16849803924560547,9.853793144226074,0.00014195793482940644,-0.0016813140828162432,1.0,-5.078646659851074,3.9536232948303223,0.953623354434967,False,-0.05902388319373131,4.0,1.0,6.0,3.955491065979004,-2.0,-0.10981034487485886,0.05,1.0,1.0,200,delay_hard_output_soft_credit_level0d_v1,True,,10,10.0,10.0,7.0,10.0,False
synaptic_current,0.01,True,hard_plus_current_lam_0p01,compatibility_candidate,38,False,7.0,10.0,0.0021880182903259993,9.93384838104248,6.9338483810424805,0.0,10.0,1.0,0.0,0.06615161895751953,9.937583923339844,2.1880181520828046e-05,-0.0006112849805504084,1.0,-6.0,7.0,4.0,False,-0.16777074337005615,7.0,1.0,3.0,7.0,0.0,-0.22777074575424194,0.05,1.0,1.0,200,delay_hard_output_soft_credit_level0d_v1,True,,10,10.0,10.0,7.0,10.0,False
synaptic_current,0.01,True,hard_plus_current_lam_0p01,compatibility_candidate,0,False,10.04637622833252,10.0,1.8189894035458565e-12,10.000001907348633,7.000001907348633,0.0,10.0,1.0,0.0,1.9073486328125e-06,10.0,1.818989362888275e-14,1.6689282844595255e-08,1.0,0.038953665643930435,10.04637622833252,7.0463762283325195,False,0.0,10.0,1.0,0.0,10.0,2.0,0.00038953666808083653,0.05,1.0,1.0,200,delay_hard_output_soft_credit_level0d_v1,True,,10,10.0,10.0,7.0,10.0,False
synaptic_current,0.01,True,hard_plus_current_lam_0p01,compatibility_candidate,25,False,10.856110572814941,10.0,2.6266206987202168e-09,10.000072479248047,7.000072479248047,0.0,10.0,1.0,0.0,7.2479248046875e-05,10.0,2.6266206223923838e-11,6.341538210108411e-07,1.0,0.12097002565860748,10.856110572814941,7.856110095977783,False,0.006925386842340231,11.0,1.0,1.0,10.872686386108398,4.0,0.008135086856782436,0.05,1.0,1.0,200,delay_hard_output_soft_credit_level0d_v1,True,,10,10.0,10.0,7.0,10.0,False
synaptic_current,0.1,True,hard_plus_current_lam_0p1,compatibility_candidate,24,False,3.1438896656036377,4.0,6.740492608514614e-10,4.000036716461182,1.000036597251892,0.0,4.0,1.0,0.0,3.6597251892089844e-05,4.0,6.74049288607037e-11,3.21279048876022e-06,1.0,-0.12096980214118958,3.1438896656036377,0.1438896805047989,False,-0.006932354997843504,3.0,1.0,1.0,3.0,-4.0,-0.01902933418750763,0.05,1.0,1.0,200,delay_hard_output_soft_credit_level0d_v1,True,,4,4.0,4.0,1.0,4.0,False
synaptic_current,0.1,True,hard_plus_current_lam_0p1,compatibility_candidate,0,False,3.9536232948303223,4.0,0.0,4.0,1.000000238418579,0.0,4.0,1.0,0.0,2.384185791015625e-07,4.0,0.0,0.0,1.0,-0.038954053074121475,3.9536232948303223,0.953623354434967,False,0.0,4.0,1.0,0.0,3.955491065979004,-2.0,-0.0038954054471105337,0.05,1.0,1.0,200,delay_hard_output_soft_credit_level0d_v1,True,,4,4.0,4.0,1.0,4.0,False
synaptic_current,0.1,True,hard_plus_current_lam_0p1,compatibility_candidate,38,False,7.0,4.0,8.349275049113203e-09,3.999870777130127,0.999870777130127,0.0,4.0,1.0,0.0,0.00012922286987304688,3.999871015548706,8.349275160135505e-10,-1.1305747648293618e-05,1.0,6.0,7.0,4.0,True,-0.16623477637767792,7.0,1.0,3.0,7.0,0.0,0.43376511335372925,0.05,1.0,1.0,200,delay_hard_output_soft_credit_level0d_v1,True,,4,4.0,4.0,1.0,4.0,False
synaptic_current,0.1,True,hard_plus_current_lam_0p1,compatibility_candidate,89,False,10.04637622833252,4.0,0.00031006336212158203,4.02490234375,1.02490234375,0.0,4.0,1.0,0.0,0.02490234375,4.0,3.1006336939753965e-05,0.0022252718918025494,1.0,5.078649997711182,10.04637622833252,7.0463762283325195,True,-0.10218752175569534,10.0,1.0,6.0,10.0,2.0,0.40567725896835327,0.05,1.0,1.0,200,delay_hard_output_soft_credit_level0d_v1,True,,4,4.0,4.0,1.0,4.0,False
synaptic_current,0.1,True,hard_plus_current_lam_0p1,compatibility_candidate,102,False,10.856110572814941,4.0,0.00011445189011283219,4.015129566192627,1.0151296854019165,0.0,4.0,1.0,0.0,0.015129685401916504,4.0,1.144518955698004e-05,0.001340961898677051,1.0,0.968781054019928,10.856110572814941,7.856110095977783,True,-0.010760667733848095,11.0,1.0,7.0,10.872686386108398,4.0,0.08611747622489929,0.05,1.0,1.0,200,delay_hard_output_soft_credit_level0d_v1,True,,4,4.0,4.0,1.0,4.0,False
synaptic_current,0.1,True,hard_plus_current_lam_0p1,compatibility_candidate,71,False,3.1438896656036377,8.0,1.4343531802296638e-06,8.001693725585938,5.0016937255859375,0.0,8.0,1.0,0.0,0.0016937255859375,8.0,1.4343531518079544e-07,0.0003175017482135445,1.0,-0.6861764192581177,3.1438896656036377,0.1438896805047989,False,-0.019849730655550957,3.0,1.0,5.0,3.0,-4.0,-0.08846737444400787,0.05,1.0,1.0,200,delay_hard_output_soft_credit_level0d_v1,True,,8,8.0,8.0,5.0,8.0,False
synaptic_current,0.1,True,hard_plus_current_lam_0p1,compatibility_candidate,46,False,3.9536232948303223,8.0,6.497612048406154e-08,8.000360488891602,5.00036096572876,0.0,8.0,1.0,0.0,0.0003609657287597656,8.0,6.497612226041838e-09,6.758839299436659e-05,1.0,-3.3987491130828857,3.9536232948303223,0.953623354434967,False,-0.05020797252655029,4.0,1.0,4.0,3.955491065979004,-2.0,-0.39008286595344543,0.05,1.0,1.0,200,delay_hard_output_soft_credit_level0d_v1,True,,8,8.0,8.0,5.0,8.0,False
synaptic_current,0.1,True,hard_plus_current_lam_0p1,compatibility_candidate,5,False,7.0,8.0,4.803268893738277e-10,7.999969005584717,4.999969005584717,0.0,8.0,1.0,0.0,3.0994415283203125e-05,7.999969005584717,4.803268893738277e-11,-5.811476967210183e-06,1.0,-2.0,7.0,4.0,False,-0.07499024271965027,7.0,1.0,1.0,7.0,0.0,-0.2749902904033661,0.05,1.0,1.0,200,delay_hard_output_soft_credit_level0d_v1,True,,8,8.0,8.0,5.0,8.0,False
synaptic_current,0.1,True,hard_plus_current_lam_0p1,compatibility_candidate,27,False,10.04637622833252,8.0,5.502442945726216e-09,8.000104904174805,5.0001044273376465,0.0,8.0,1.0,0.0,0.00010442733764648438,8.0,5.502442945726216e-10,1.9669259927468374e-05,1.0,1.7188524007797241,10.04637622833252,7.0463762283325195,True,-0.05750516802072525,10.0,1.0,2.0,10.0,2.0,0.11438010632991791,0.05,1.0,1.0,200,delay_hard_output_soft_credit_level0d_v1,True,,8,8.0,8.0,5.0,8.0,False
synaptic_current,0.1,True,hard_plus_current_lam_0p1,compatibility_candidate,57,False,10.856110572814941,8.0,1.030348357744515e-07,7.999546051025391,4.999546051025391,0.0,8.0,1.0,0.0,0.000453948974609375,7.999546051025391,1.0303483399809465e-08,-8.512059139320627e-05,1.0,0.4035739004611969,10.856110572814941,7.856110095977783,True,-0.0030272917356342077,11.0,1.0,3.0,10.872686386108398,4.0,0.03733009845018387,0.05,1.0,1.0,200,delay_hard_output_soft_credit_level0d_v1,True,,8,8.0,8.0,5.0,8.0,False
synaptic_current,0.1,True,hard_plus_current_lam_0p1,compatibility_candidate,98,False,3.1438896656036377,10.0,0.0033895650412887335,9.917664527893066,6.917664527893066,0.0,10.0,1.0,0.0,0.0823354721069336,9.923373222351074,0.00033895650994963944,-0.0077058118768036366,1.0,-0.9687795639038086,3.1438896656036377,0.1438896805047989,False,-0.022117862477898598,3.0,1.0,7.0,3.0,-4.0,-0.11899583041667938,0.05,1.0,1.0,200,delay_hard_output_soft_credit_level0d_v1,True,,10,10.0,10.0,7.0,10.0,False
synaptic_current,0.1,True,hard_plus_current_lam_0p1,compatibility_candidate,86,False,3.9536232948303223,10.0,0.004762040916830301,9.902408599853516,6.902408123016357,0.0,10.0,1.0,0.0,0.09759187698364258,9.91032600402832,0.00047620409168303013,-0.00924193486571312,1.0,-5.078646659851074,3.9536232948303223,0.953623354434967,False,-0.05902388319373131,4.0,1.0,6.0,3.955491065979004,-2.0,-0.5668883919715881,0.05,1.0,1.0,200,delay_hard_output_soft_credit_level0d_v1,True,,10,10.0,10.0,7.0,10.0,False
synaptic_current,0.1,True,hard_plus_current_lam_0p1,compatibility_candidate,37,False,7.0,10.0,2.046238660113886e-05,9.993602752685547,6.993602752685547,0.0,10.0,1.0,0.0,0.006397247314453125,9.993639945983887,2.046238705588621e-06,-0.0005628254730254412,1.0,-6.0,7.0,4.0,False,-0.16777074337005615,7.0,1.0,3.0,7.0,0.0,-0.7677706480026245,0.05,1.0,1.0,200,delay_hard_output_soft_credit_level0d_v1,True,,10,10.0,10.0,7.0,10.0,False
synaptic_current,0.1,True,hard_plus_current_lam_0p1,compatibility_candidate,0,False,10.04637622833252,10.0,4.547473508864641e-13,10.000000953674316,7.000000953674316,0.0,10.0,1.0,0.0,9.5367431640625e-07,10.0,4.547473576627277e-14,8.34464515264699e-08,1.0,0.038953665643930435,10.04637622833252,7.0463762283325195,False,0.0,10.0,1.0,0.0,10.0,2.0,0.0038953654002398252,0.05,1.0,1.0,200,delay_hard_output_soft_credit_level0d_v1,True,,10,10.0,10.0,7.0,10.0,False
synaptic_current,0.1,True,hard_plus_current_lam_0p1,compatibility_candidate,26,False,10.856110572814941,10.0,1.9808794604614377e-09,9.999937057495117,6.999937057495117,0.0,10.0,1.0,0.0,6.29425048828125e-05,9.999937057495117,1.9808794882170133e-10,-5.507768037205096e-06,1.0,0.12097002565860748,10.856110572814941,7.856110095977783,False,0.006925386842340231,11.0,1.0,1.0,10.872686386108398,4.0,0.019022395834326744,0.05,1.0,1.0,200,delay_hard_output_soft_credit_level0d_v1,True,,10,10.0,10.0,7.0,10.0,False
synaptic_current,1.0,True,hard_plus_current_lam_1,compatibility_candidate,24,False,3.1438896656036377,4.0,1.0231815394945443e-12,3.9999985694885254,0.9999985694885254,0.0,4.0,1.0,0.0,1.430511474609375e-06,3.9999985694885254,1.0231815394945443e-12,-1.251695948667475e-06,1.0,-0.12096980214118958,3.1438896656036377,0.1438896805047989,False,-0.006932354997843504,3.0,1.0,1.0,3.0,-4.0,-0.12790215015411377,0.05,1.0,1.0,200,delay_hard_output_soft_credit_level0d_v1,True,,4,4.0,4.0,1.0,4.0,False
synaptic_current,1.0,True,hard_plus_current_lam_1,compatibility_candidate,0,False,3.9536232948303223,4.0,0.0,4.0,1.0,0.0,4.0,1.0,0.0,0.0,4.0,0.0,0.0,1.0,-0.038954053074121475,3.9536232948303223,0.953623354434967,False,0.0,4.0,1.0,0.0,3.955491065979004,-2.0,-0.038954053074121475,0.05,1.0,1.0,200,delay_hard_output_soft_credit_level0d_v1,True,,4,4.0,4.0,1.0,4.0,False
synaptic_current,1.0,True,hard_plus_current_lam_1,compatibility_candidate,39,False,7.0,4.0,1.26776285469532e-07,4.0005035400390625,1.000503659248352,0.0,4.0,1.0,0.0,0.0005036592483520508,4.0,1.26776285469532e-07,0.00044078772771172225,1.0,6.0,7.0,4.0,True,-0.16623477637767792,7.0,1.0,3.0,7.0,0.0,5.833765029907227,0.05,1.0,1.0,200,delay_hard_output_soft_credit_level0d_v1,True,,4,4.0,4.0,1.0,4.0,False
synaptic_current,1.0,True,hard_plus_current_lam_1,compatibility_candidate,94,False,10.04637622833252,4.0,0.002503405325114727,4.070758819580078,1.0707587003707886,0.0,4.0,1.0,0.0,0.07075870037078857,4.0,0.002503405325114727,0.06562478095293045,1.0,5.078649997711182,10.04637622833252,7.0463762283325195,True,-0.10218752175569534,10.0,1.0,6.0,10.0,2.0,4.976462364196777,0.05,1.0,1.0,200,delay_hard_output_soft_credit_level0d_v1,True,,4,4.0,4.0,1.0,4.0,False
synaptic_current,1.0,True,hard_plus_current_lam_1,compatibility_candidate,104,False,10.856110572814941,4.0,0.001979049062356353,4.062913417816162,1.062913417816162,0.0,4.0,1.0,0.0,0.06291341781616211,4.0,0.001979049062356353,0.05798668414354324,1.0,0.968781054019928,10.856110572814941,7.856110095977783,True,-0.010760667733848095,11.0,1.0,7.0,10.872686386108398,4.0,0.9580204486846924,0.05,1.0,1.0,200,delay_hard_output_soft_credit_level0d_v1,True,,4,4.0,4.0,1.0,4.0,False
synaptic_current,1.0,True,hard_plus_current_lam_1,compatibility_candidate,71,False,3.1438896656036377,8.0,1.4733814168721437e-10,8.000017166137695,5.0000176429748535,0.0,8.0,1.0,0.0,1.7642974853515625e-05,8.0,1.4733814168721437e-10,3.218643178115599e-05,1.0,-0.6861764192581177,3.1438896656036377,0.1438896805047989,False,-0.019849730655550957,3.0,1.0,5.0,3.0,-4.0,-0.7060261368751526,0.05,1.0,1.0,200,delay_hard_output_soft_credit_level0d_v1,True,,8,8.0,8.0,5.0,8.0,False
synaptic_current,1.0,True,hard_plus_current_lam_1,compatibility_candidate,47,False,3.9536232948303223,8.0,3.5397988540353253e-08,7.999733924865723,4.999733924865723,0.0,8.0,1.0,0.0,0.00026607513427734375,7.999734401702881,3.5397988540353253e-08,-0.0004989085718989372,1.0,-3.3987491130828857,3.9536232948303223,0.953623354434967,False,-0.05020797252655029,4.0,1.0,4.0,3.955491065979004,-2.0,-3.4489574432373047,0.05,1.0,1.0,200,delay_hard_output_soft_credit_level0d_v1,True,,8,8.0,8.0,5.0,8.0,False
synaptic_current,1.0,True,hard_plus_current_lam_1,compatibility_candidate,5,False,7.0,8.0,9.561063052387908e-11,7.999986171722412,4.999986171722412,0.0,8.0,1.0,0.0,1.3828277587890625e-05,7.999986171722412,9.561063052387908e-11,-2.5928069590008818e-05,1.0,-2.0,7.0,4.0,False,-0.07499024271965027,7.0,1.0,1.0,7.0,0.0,-2.0749902725219727,0.05,1.0,1.0,200,delay_hard_output_soft_credit_level0d_v1,True,,8,8.0,8.0,5.0,8.0,False
synaptic_current,1.0,True,hard_plus_current_lam_1,compatibility_candidate,25,False,10.04637622833252,8.0,2.7666828827932477e-09,8.00007438659668,5.0000739097595215,0.0,8.0,1.0,0.0,7.390975952148438e-05,8.0,2.7666828827932477e-09,0.00013947348634246737,1.0,1.7188524007797241,10.04637622833252,7.0463762283325195,True,-0.05750516802072525,10.0,1.0,2.0,10.0,2.0,1.6613472700119019,0.05,1.0,1.0,200,delay_hard_output_soft_credit_level0d_v1,True,,8,8.0,8.0,5.0,8.0,False
synaptic_current,1.0,True,hard_plus_current_lam_1,compatibility_candidate,56,False,10.856110572814941,8.0,3.085926891799318e-08,7.999751567840576,4.999751567840576,0.0,8.0,1.0,0.0,0.0002484321594238281,7.999751567840576,3.085926891799318e-08,-0.0004658257239498198,1.0,0.4035739004611969,10.856110572814941,7.856110095977783,True,-0.0030272917356342077,11.0,1.0,3.0,10.872686386108398,4.0,0.4005465805530548,0.05,1.0,1.0,200,delay_hard_output_soft_credit_level0d_v1,True,,8,8.0,8.0,5.0,8.0,False
synaptic_current,1.0,True,hard_plus_current_lam_1,compatibility_candidate,101,False,3.1438896656036377,10.0,0.002527893055230379,9.928895950317383,6.928896427154541,0.0,10.0,1.0,0.0,0.07110357284545898,9.933194160461426,0.002527893055230379,-0.06596292555332184,1.0,-0.9687795639038086,3.1438896656036377,0.1438896805047989,False,-0.022117862477898598,3.0,1.0,7.0,3.0,-4.0,-0.9908974170684814,0.05,1.0,1.0,200,delay_hard_output_soft_credit_level0d_v1,True,,10,10.0,10.0,7.0,10.0,False
synaptic_current,1.0,True,hard_plus_current_lam_1,compatibility_candidate,90,False,3.9536232948303223,10.0,0.0031996886245906353,9.920003890991211,6.920003890991211,0.0,10.0,1.0,0.0,0.07999610900878906,9.925402641296387,0.0031996886245906353,-0.07473213970661163,1.0,-5.078646659851074,3.9536232948303223,0.953623354434967,False,-0.05902388319373131,4.0,1.0,6.0,3.955491065979004,-2.0,-5.137670516967773,0.05,1.0,1.0,200,delay_hard_output_soft_credit_level0d_v1,True,,10,10.0,10.0,7.0,10.0,False
synaptic_current,1.0,True,hard_plus_current_lam_1,compatibility_candidate,37,False,7.0,10.0,5.704350769519806e-07,9.998931884765625,6.998931407928467,0.0,10.0,1.0,0.0,0.0010685920715332031,9.998932838439941,5.704350769519806e-07,-0.0009354566573165357,1.0,-6.0,7.0,4.0,False,-0.16777074337005615,7.0,1.0,3.0,7.0,0.0,-6.167770862579346,0.05,1.0,1.0,200,delay_hard_output_soft_credit_level0d_v1,True,,10,10.0,10.0,7.0,10.0,False
synaptic_current,1.0,True,hard_plus_current_lam_1,compatibility_candidate,0,False,10.04637622833252,10.0,1.8189894035458565e-12,10.000001907348633,7.000002384185791,0.0,10.0,1.0,0.0,2.384185791015625e-06,10.0,1.8189894035458565e-12,1.6689266431058059e-06,1.0,0.038953665643930435,10.04637622833252,7.0463762283325195,False,0.0,10.0,1.0,0.0,10.0,2.0,0.038953665643930435,0.05,1.0,1.0,200,delay_hard_output_soft_credit_level0d_v1,True,,10,10.0,10.0,7.0,10.0,False
synaptic_current,1.0,True,hard_plus_current_lam_1,compatibility_candidate,26,False,10.856110572814941,10.0,2.9103830456733704e-11,9.999992370605469,6.9999918937683105,0.0,10.0,1.0,0.0,8.106231689453125e-06,9.999990463256836,2.9103830456733704e-11,-6.67576659907354e-06,1.0,0.12097002565860748,10.856110572814941,7.856110095977783,False,0.006925386842340231,11.0,1.0,1.0,10.872686386108398,4.0,0.12789539992809296,0.05,1.0,1.0,200,delay_hard_output_soft_credit_level0d_v1,True,,10,10.0,10.0,7.0,10.0,False
pre_reset_membrane,0.01,True,hard_plus_pre_reset_lam_0p01,compatibility_candidate,24,False,3.0,4.0,0.0,4.000761032104492,1.0007611513137817,0.0,4.0,1.0,0.0,0.0007611513137817383,4.0,0.0,0.0,1.0,0.0,3.1438896656036377,0.1438896805047989,False,-0.006932354997843504,3.0,1.0,1.0,3.0,-4.0,-0.006932354997843504,0.05,1.0,1.0,200,delay_hard_output_soft_credit_level0d_v1,True,,4,4.0,4.0,1.0,4.0,False
pre_reset_membrane,0.01,True,hard_plus_pre_reset_lam_0p01,compatibility_candidate,0,False,3.955491065979004,4.0,0.0,4.261096954345703,1.2610968351364136,0.0,4.0,1.0,0.0,0.2610968351364136,4.0,0.0,0.0,1.0,-0.03443460166454315,3.9536232948303223,0.953623354434967,False,0.0,4.0,1.0,0.0,3.955491065979004,-2.0,-0.0003443460736889392,0.05,1.0,1.0,200,delay_hard_output_soft_credit_level0d_v1,True,,4,4.0,4.0,1.0,4.0,False
pre_reset_membrane,0.01,True,hard_plus_pre_reset_lam_0p01,compatibility_candidate,,False,7.0,4.0,23.403362274169922,10.815023422241211,7.815023422241211,0.22824548184871674,11.0,1.0,7.0,6.815023422241211,10.841544151306152,0.4622790813446045,-0.006002368871122599,1.0,0.0,7.0,4.0,False,-0.16623477637767792,7.0,1.0,3.0,7.0,0.0,-0.16623477637767792,0.05,1.0,1.0,200,delay_hard_output_soft_credit_level0d_v1,False,,4,4.0,4.0,1.0,4.0,False
pre_reset_membrane,0.01,True,hard_plus_pre_reset_lam_0p01,compatibility_candidate,,False,10.0,4.0,23.78951644897461,10.88733196258545,7.887332439422607,0.22824548184871674,11.0,1.0,7.0,6.887332439422607,10.89775562286377,0.46614062786102295,-0.0015976334689185023,1.0,0.0,10.04637622833252,7.0463762283325195,False,-0.10218752175569534,10.0,1.0,6.0,10.0,2.0,-0.10218752175569534,0.05,1.0,1.0,200,delay_hard_output_soft_credit_level0d_v1,False,,4,4.0,4.0,1.0,4.0,False
pre_reset_membrane,0.01,True,hard_plus_pre_reset_lam_0p01,compatibility_candidate,,False,10.872686386108398,4.0,24.13572120666504,10.945174217224121,7.945173740386963,0.22824548184871674,11.0,1.0,7.0,6.945173740386963,10.947765350341797,0.46960270404815674,-2.028439993750908e-08,1.0,0.7602669596672058,10.856110572814941,7.856110095977783,True,-0.010760667733848095,11.0,1.0,7.0,10.872686386108398,4.0,-0.003157999599352479,0.05,1.0,1.0,200,delay_hard_output_soft_credit_level0d_v1,False,,4,4.0,4.0,1.0,4.0,False
pre_reset_membrane,0.01,True,hard_plus_pre_reset_lam_0p01,compatibility_candidate,72,False,3.0,8.0,1.1368683772161603e-13,8.38823413848877,5.3882341384887695,0.0,8.0,1.0,0.0,0.38823413848876953,7.999999523162842,1.1368683518051719e-15,9.515619798464593e-15,1.0,0.0,3.1438896656036377,0.1438896805047989,False,-0.019849730655550957,3.0,1.0,5.0,3.0,-4.0,-0.019849730655550957,0.05,1.0,1.0,200,delay_hard_output_soft_credit_level0d_v1,True,,8,8.0,8.0,5.0,8.0,False
pre_reset_membrane,0.01,True,hard_plus_pre_reset_lam_0p01,compatibility_candidate,48,False,3.955491065979004,8.0,0.0,8.308618545532227,5.308619022369385,0.0,8.0,1.0,0.0,0.30861902236938477,8.0,0.0,0.0,1.0,-3.1290578842163086,3.9536232948303223,0.953623354434967,False,-0.05020797252655029,4.0,1.0,4.0,3.955491065979004,-2.0,-0.08149855583906174,0.05,1.0,1.0,200,delay_hard_output_soft_credit_level0d_v1,True,,8,8.0,8.0,5.0,8.0,False
pre_reset_membrane,0.01,True,hard_plus_pre_reset_lam_0p01,compatibility_candidate,5,False,7.0,8.0,0.0,8.330286026000977,5.330286502838135,0.0,8.0,1.0,0.0,0.33028650283813477,8.0,0.0,0.0,1.0,0.0,7.0,4.0,False,-0.07499024271965027,7.0,1.0,1.0,7.0,0.0,-0.07499024271965027,0.05,1.0,1.0,200,delay_hard_output_soft_credit_level0d_v1,True,,8,8.0,8.0,5.0,8.0,False
pre_reset_membrane,0.01,True,hard_plus_pre_reset_lam_0p01,compatibility_candidate,,False,10.0,8.0,4.0512495040893555,10.82172679901123,7.821727275848389,0.16055676341056824,11.0,1.0,3.0,2.8217272758483887,10.846488952636719,0.20106926560401917,-0.00040268516750074923,1.0,0.0,10.04637622833252,7.0463762283325195,False,-0.05750516802072525,10.0,1.0,2.0,10.0,2.0,-0.05750516802072525,0.05,1.0,1.0,200,delay_hard_output_soft_credit_level0d_v1,False,,8,8.0,8.0,5.0,8.0,False
pre_reset_membrane,0.01,True,hard_plus_pre_reset_lam_0p01,compatibility_candidate,,False,10.872686386108398,8.0,4.101828098297119,10.845178604125977,7.845178604125977,0.16055676341056824,11.0,1.0,3.0,2.8451786041259766,10.864202499389648,0.20157504081726074,5.6559290584345945e-09,1.0,0.31778082251548767,10.856110572814941,7.856110095977783,True,-0.0030272917356342077,11.0,1.0,3.0,10.872686386108398,4.0,0.0001505181862739846,0.05,1.0,1.0,200,delay_hard_output_soft_credit_level0d_v1,False,,8,8.0,8.0,5.0,8.0,False
pre_reset_membrane,0.01,True,hard_plus_pre_reset_lam_0p01,compatibility_candidate,95,False,3.0,10.0,0.0073766084387898445,9.863540649414062,6.8635406494140625,0.0,10.0,1.0,0.0,0.1364593505859375,9.87853717803955,7.37660811864771e-05,-0.0009382738498970866,1.0,0.0,3.1438896656036377,0.1438896805047989,False,-0.022117862477898598,3.0,1.0,7.0,3.0,-4.0,-0.022117862477898598,0.05,1.0,1.0,200,delay_hard_output_soft_credit_level0d_v1,True,,10,10.0,10.0,7.0,10.0,False
pre_reset_membrane,0.01,True,hard_plus_pre_reset_lam_0p01,compatibility_candidate,80,False,3.955491065979004,10.0,0.011151454411447048,9.827324867248535,6.827324867248535,0.0,10.0,1.0,0.0,0.17267513275146484,9.850658416748047,0.00011151454236824065,-0.0011179454158991575,1.0,-4.676370620727539,3.9536232948303223,0.953623354434967,False,-0.05902388319373131,4.0,1.0,6.0,3.955491065979004,-2.0,-0.10578759014606476,0.05,1.0,1.0,200,delay_hard_output_soft_credit_level0d_v1,True,,10,10.0,10.0,7.0,10.0,False
pre_reset_membrane,0.01,True,hard_plus_pre_reset_lam_0p01,compatibility_candidate,37,False,7.0,10.0,0.0026975979562848806,9.921318054199219,6.921318531036377,0.0,10.0,1.0,0.0,0.07868146896362305,9.92654800415039,2.6975978471455164e-05,-0.0005973922670818865,1.0,0.0,7.0,4.0,False,-0.16777074337005615,7.0,1.0,3.0,7.0,0.0,-0.16777074337005615,0.05,1.0,1.0,200,delay_hard_output_soft_credit_level0d_v1,True,,10,10.0,10.0,7.0,10.0,False
pre_reset_membrane,0.01,True,hard_plus_pre_reset_lam_0p01,compatibility_candidate,0,False,10.0,10.0,0.0,10.04637622833252,7.0463762283325195,0.0,10.0,1.0,0.0,0.04637622833251953,10.0,0.0,0.0,1.0,0.0,10.04637622833252,7.0463762283325195,False,0.0,10.0,1.0,0.0,10.0,2.0,0.0,0.05,1.0,1.0,200,delay_hard_output_soft_credit_level0d_v1,True,,10,10.0,10.0,7.0,10.0,False
pre_reset_membrane,0.01,True,hard_plus_pre_reset_lam_0p01,compatibility_candidate,25,False,10.872686386108398,10.0,0.0,10.07076644897461,7.070765972137451,0.0,10.0,1.0,0.0,0.07076597213745117,10.0,0.0,0.0,1.0,0.09653793275356293,10.856110572814941,7.856110095977783,False,0.006925386842340231,11.0,1.0,1.0,10.872686386108398,4.0,0.007890766486525536,0.05,1.0,1.0,200,delay_hard_output_soft_credit_level0d_v1,True,,10,10.0,10.0,7.0,10.0,False
pre_reset_membrane,0.1,True,hard_plus_pre_reset_lam_0p1,compatibility_candidate,24,False,3.0,4.0,0.0,4.2487030029296875,1.248702883720398,0.0,4.0,1.0,0.0,0.24870288372039795,4.0,0.0,0.0,1.0,0.0,3.1438896656036377,0.1438896805047989,False,-0.006932354997843504,3.0,1.0,1.0,3.0,-4.0,-0.006932351738214493,0.05,1.0,1.0,200,delay_hard_output_soft_credit_level0d_v1,True,,4,4.0,4.0,1.0,4.0,False
pre_reset_membrane,0.1,True,hard_plus_pre_reset_lam_0p1,compatibility_candidate,0,False,3.955491065979004,4.0,0.0,4.261115074157715,1.2611149549484253,0.0,4.0,1.0,0.0,0.2611149549484253,4.0,0.0,0.0,1.0,-0.03443460166454315,3.9536232948303223,0.953623354434967,False,0.0,4.0,1.0,0.0,3.955491065979004,-2.0,-0.003443459514528513,0.05,1.0,1.0,200,delay_hard_output_soft_credit_level0d_v1,True,,4,4.0,4.0,1.0,4.0,False
pre_reset_membrane,0.1,True,hard_plus_pre_reset_lam_0p1,compatibility_candidate,,False,7.0,4.0,6.710178852081299,7.515944957733154,4.515944957733154,0.188840851187706,8.0,1.0,4.0,3.5159449577331543,7.6633806228637695,0.8598587512969971,0.13243865966796875,1.0,0.0,7.0,4.0,False,-0.16623477637767792,7.0,1.0,3.0,7.0,0.0,-0.16623477637767792,0.05,1.0,1.0,200,delay_hard_output_soft_credit_level0d_v1,False,,4,4.0,4.0,1.0,4.0,False
pre_reset_membrane,0.1,True,hard_plus_pre_reset_lam_0p1,compatibility_candidate,,False,10.0,4.0,22.08401107788086,10.478960037231445,7.4789605140686035,0.22824548184871674,11.0,1.0,7.0,6.4789605140686035,10.645902633666992,2.4366466999053955,0.050400134176015854,1.0,0.0,10.04637622833252,7.0463762283325195,False,-0.10218752175569534,10.0,1.0,6.0,10.0,2.0,-0.1021881252527237,0.05,1.0,1.0,200,delay_hard_output_soft_credit_level0d_v1,False,,4,4.0,4.0,1.0,4.0,False
pre_reset_membrane,0.1,True,hard_plus_pre_reset_lam_0p1,compatibility_candidate,,False,10.872686386108398,4.0,22.093360900878906,10.482003211975098,7.482003211975098,0.22824548184871674,11.0,1.0,7.0,6.482003211975098,10.647309303283691,2.4375815391540527,0.05166665464639664,1.0,0.7602669596672058,10.856110572814941,7.856110095977783,True,-0.010760667733848095,11.0,1.0,7.0,10.872686386108398,4.0,0.06526610255241394,0.05,1.0,1.0,200,delay_hard_output_soft_credit_level0d_v1,False,,4,4.0,4.0,1.0,4.0,False
pre_reset_membrane,0.1,True,hard_plus_pre_reset_lam_0p1,compatibility_candidate,71,False,3.0,8.0,1.1368683772161603e-13,8.452156066894531,5.452155590057373,0.0,8.0,1.0,0.0,0.45215559005737305,7.999999523162842,1.1368683941568192e-14,0.0,1.0,0.0,3.1438896656036377,0.1438896805047989,False,-0.019849730655550957,3.0,1.0,5.0,3.0,-4.0,-0.019849730655550957,0.05,1.0,1.0,200,delay_hard_output_soft_credit_level0d_v1,True,,8,8.0,8.0,5.0,8.0,False
pre_reset_membrane,0.1,True,hard_plus_pre_reset_lam_0p1,compatibility_candidate,48,False,3.955491065979004,8.0,0.0,8.250219345092773,5.250219821929932,0.0,8.0,1.0,0.0,0.25021982192993164,8.0,0.0,0.0,1.0,-3.1290578842163086,3.9536232948303223,0.953623354434967,False,-0.05020797252655029,4.0,1.0,4.0,3.955491065979004,-2.0,-0.36311373114585876,0.05,1.0,1.0,200,delay_hard_output_soft_credit_level0d_v1,True,,8,8.0,8.0,5.0,8.0,False
pre_reset_membrane,0.1,True,hard_plus_pre_reset_lam_0p1,compatibility_candidate,5,False,7.0,8.0,0.0,8.133247375488281,5.1332478523254395,0.0,8.0,1.0,0.0,0.13324785232543945,8.0,0.0,0.0,1.0,0.0,7.0,4.0,False,-0.07499024271965027,7.0,1.0,1.0,7.0,0.0,-0.07499024271965027,0.05,1.0,1.0,200,delay_hard_output_soft_credit_level0d_v1,True,,8,8.0,8.0,5.0,8.0,False
pre_reset_membrane,0.1,True,hard_plus_pre_reset_lam_0p1,compatibility_candidate,,False,10.0,8.0,3.5011725425720215,10.479594230651855,7.4795942306518555,0.16055676341056824,11.0,1.0,3.0,2.4795942306518555,10.646194458007812,0.510673999786377,0.02853604406118393,1.0,0.0,10.04637622833252,7.0463762283325195,False,-0.05750516802072525,10.0,1.0,2.0,10.0,2.0,-0.05750516802072525,0.05,1.0,1.0,200,delay_hard_output_soft_credit_level0d_v1,False,,8,8.0,8.0,5.0,8.0,False
pre_reset_membrane,0.1,True,hard_plus_pre_reset_lam_0p1,compatibility_candidate,,False,10.872686386108398,8.0,3.5033886432647705,10.481401443481445,7.4814019203186035,0.16055676341056824,11.0,1.0,3.0,2.4814019203186035,10.647031784057617,0.5108956098556519,0.028783578425645828,1.0,0.31778082251548767,10.856110572814941,7.856110095977783,True,-0.0030272917356342077,11.0,1.0,3.0,10.872686386108398,4.0,0.028750818222761154,0.05,1.0,1.0,200,delay_hard_output_soft_credit_level0d_v1,False,,8,8.0,8.0,5.0,8.0,False
pre_reset_membrane,0.1,True,hard_plus_pre_reset_lam_0p1,compatibility_candidate,101,False,3.0,10.0,0.0023327225353568792,9.927196502685547,6.927196502685547,0.0,10.0,1.0,0.0,0.07280349731445312,9.931695938110352,0.00023327225062530488,-0.005584979895502329,1.0,0.0,3.1438896656036377,0.1438896805047989,False,-0.022117862477898598,3.0,1.0,7.0,3.0,-4.0,-0.022117862477898598,0.05,1.0,1.0,200,delay_hard_output_soft_credit_level0d_v1,True,,10,10.0,10.0,7.0,10.0,False
pre_reset_membrane,0.1,True,hard_plus_pre_reset_lam_0p1,compatibility_candidate,88,False,3.955491065979004,10.0,0.0036026204470545053,9.908053398132324,6.908053398132324,0.0,10.0,1.0,0.0,0.09194660186767578,9.915116310119629,0.0003602620563469827,-0.0068214465864002705,1.0,-4.676370620727539,3.9536232948303223,0.953623354434967,False,-0.05902388319373131,4.0,1.0,6.0,3.955491065979004,-2.0,-0.5266609787940979,0.05,1.0,1.0,200,delay_hard_output_soft_credit_level0d_v1,True,,10,10.0,10.0,7.0,10.0,False
pre_reset_membrane,0.1,True,hard_plus_pre_reset_lam_0p1,compatibility_candidate,35,False,7.0,10.0,0.0,10.000162124633789,7.000162601470947,0.0,10.0,1.0,0.0,0.00016260147094726562,10.0,0.0,0.0,1.0,0.0,7.0,4.0,False,-0.16777074337005615,7.0,1.0,3.0,7.0,0.0,-0.16777074337005615,0.05,1.0,1.0,200,delay_hard_output_soft_credit_level0d_v1,True,,10,10.0,10.0,7.0,10.0,False
pre_reset_membrane,0.1,True,hard_plus_pre_reset_lam_0p1,compatibility_candidate,0,False,10.0,10.0,0.0,10.04637622833252,7.0463762283325195,0.0,10.0,1.0,0.0,0.04637622833251953,10.0,0.0,0.0,1.0,0.0,10.04637622833252,7.0463762283325195,False,0.0,10.0,1.0,0.0,10.0,2.0,0.0,0.05,1.0,1.0,200,delay_hard_output_soft_credit_level0d_v1,True,,10,10.0,10.0,7.0,10.0,False
pre_reset_membrane,0.1,True,hard_plus_pre_reset_lam_0p1,compatibility_candidate,26,False,10.872686386108398,10.0,0.0,10.038383483886719,7.0383830070495605,0.0,10.0,1.0,0.0,0.03838300704956055,10.0,0.0,0.0,1.0,0.09653793275356293,10.856110572814941,7.856110095977783,False,0.006925386842340231,11.0,1.0,1.0,10.872686386108398,4.0,0.016579177230596542,0.05,1.0,1.0,200,delay_hard_output_soft_credit_level0d_v1,True,,10,10.0,10.0,7.0,10.0,False
pre_reset_membrane,1.0,True,hard_plus_pre_reset_lam_1,compatibility_candidate,24,False,3.0,4.0,0.0,4.2125983238220215,1.212598443031311,0.0,4.0,1.0,0.0,0.21259844303131104,4.0,0.0,0.0,1.0,0.0,3.1438896656036377,0.1438896805047989,False,-0.006932354997843504,3.0,1.0,1.0,3.0,-4.0,-0.006932354997843504,0.05,1.0,1.0,200,delay_hard_output_soft_credit_level0d_v1,True,,4,4.0,4.0,1.0,4.0,False
pre_reset_membrane,1.0,True,hard_plus_pre_reset_lam_1,compatibility_candidate,0,False,3.955491065979004,4.0,0.0,4.261117458343506,1.2611173391342163,0.0,4.0,1.0,0.0,0.2611173391342163,4.0,0.0,0.0,1.0,-0.03443460166454315,3.9536232948303223,0.953623354434967,False,0.0,4.0,1.0,0.0,3.955491065979004,-2.0,-0.03443460166454315,0.05,1.0,1.0,200,delay_hard_output_soft_credit_level0d_v1,True,,4,4.0,4.0,1.0,4.0,False
pre_reset_membrane,1.0,True,hard_plus_pre_reset_lam_1,compatibility_candidate,,False,7.0,4.0,4.499998569488525,7.444431781768799,4.444431781768799,0.16226047277450562,7.0,1.0,3.0,3.444431781768799,6.999999523162842,4.662259101867676,-0.44536349177360535,1.0,0.0,7.0,4.0,False,-0.16623477637767792,7.0,1.0,3.0,7.0,0.0,-0.16623477637767792,0.05,1.0,1.0,200,delay_hard_output_soft_credit_level0d_v1,False,,4,4.0,4.0,1.0,4.0,False
pre_reset_membrane,1.0,True,hard_plus_pre_reset_lam_1,compatibility_candidate,,False,10.0,4.0,17.9999942779541,10.465880393981934,7.465880393981934,0.2203679084777832,10.0,1.0,6.0,6.465880393981934,9.999999046325684,18.220361709594727,-0.1612018495798111,1.0,0.0,10.04637622833252,7.0463762283325195,False,-0.10218752175569534,10.0,1.0,6.0,10.0,2.0,-0.10218752175569534,0.05,1.0,1.0,200,delay_hard_output_soft_credit_level0d_v1,False,,4,4.0,4.0,1.0,4.0,False
pre_reset_membrane,1.0,True,hard_plus_pre_reset_lam_1,compatibility_candidate,,False,10.872686386108398,4.0,17.9999942779541,10.467251777648926,7.467251777648926,0.2203679084777832,10.0,1.0,6.0,6.467251777648926,9.999999046325684,18.220361709594727,-0.16147655248641968,1.0,0.7602669596672058,10.856110572814941,7.856110095977783,True,-0.010760667733848095,11.0,1.0,7.0,10.872686386108398,4.0,0.7495062351226807,0.05,1.0,1.0,200,delay_hard_output_soft_credit_level0d_v1,False,,4,4.0,4.0,1.0,4.0,False
pre_reset_membrane,1.0,True,hard_plus_pre_reset_lam_1,compatibility_candidate,84,False,3.0,8.0,0.0,8.161821365356445,5.161820888519287,0.0,8.0,1.0,0.0,0.1618208885192871,8.0,0.0,0.0,1.0,0.0,3.1438896656036377,0.1438896805047989,False,-0.019849730655550957,3.0,1.0,5.0,3.0,-4.0,-0.019849730655550957,0.05,1.0,1.0,200,delay_hard_output_soft_credit_level0d_v1,True,,8,8.0,8.0,5.0,8.0,False
pre_reset_membrane,1.0,True,hard_plus_pre_reset_lam_1,compatibility_candidate,69,False,3.955491065979004,8.0,0.0,8.14950180053711,5.149501800537109,0.0,8.0,1.0,0.0,0.14950180053710938,8.0,0.0,0.0,1.0,-3.1290578842163086,3.9536232948303223,0.953623354434967,False,-0.05020797252655029,4.0,1.0,4.0,3.955491065979004,-2.0,-3.1792659759521484,0.05,1.0,1.0,200,delay_hard_output_soft_credit_level0d_v1,True,,8,8.0,8.0,5.0,8.0,False
pre_reset_membrane,1.0,True,hard_plus_pre_reset_lam_1,compatibility_candidate,5,False,7.0,8.0,1.1368683772161603e-13,8.37331485748291,5.37331485748291,0.0,8.0,1.0,0.0,0.37331485748291016,7.999999523162842,1.1368683772161603e-13,1.2215651667285554e-12,1.0,0.0,7.0,4.0,False,-0.07499024271965027,7.0,1.0,1.0,7.0,0.0,-0.07499024271965027,0.05,1.0,1.0,200,delay_hard_output_soft_credit_level0d_v1,True,,8,8.0,8.0,5.0,8.0,False
pre_reset_membrane,1.0,True,hard_plus_pre_reset_lam_1,compatibility_candidate,,False,10.0,8.0,3.49936580657959,10.478114128112793,7.478114128112793,0.16055676341056824,11.0,1.0,3.0,2.478114128112793,10.645511627197266,3.6599225997924805,0.5642302632331848,1.0,0.0,10.04637622833252,7.0463762283325195,False,-0.05750516802072525,10.0,1.0,2.0,10.0,2.0,-0.05750516802072525,0.05,1.0,1.0,200,delay_hard_output_soft_credit_level0d_v1,False,,8,8.0,8.0,5.0,8.0,False
pre_reset_membrane,1.0,True,hard_plus_pre_reset_lam_1,compatibility_candidate,,False,10.872686386108398,8.0,3.496021270751953,10.475370407104492,7.47537088394165,0.16055676341056824,11.0,1.0,3.0,2.4753708839416504,10.644247055053711,3.6565780639648438,0.5643951296806335,1.0,0.31778082251548767,10.856110572814941,7.856110095977783,True,-0.0030272917356342077,11.0,1.0,3.0,10.872686386108398,4.0,0.31475353240966797,0.05,1.0,1.0,200,delay_hard_output_soft_credit_level0d_v1,False,,8,8.0,8.0,5.0,8.0,False
pre_reset_membrane,1.0,True,hard_plus_pre_reset_lam_1,compatibility_candidate,152,False,3.0,10.0,0.02275937795639038,9.73560905456543,6.7356085777282715,0.0,10.0,1.0,0.0,0.2643914222717285,9.786648750305176,0.02275937795639038,-0.14789676666259766,1.0,0.0,3.1438896656036377,0.1438896805047989,False,-0.022117862477898598,3.0,1.0,7.0,3.0,-4.0,-0.022117862477898598,0.05,1.0,1.0,200,delay_hard_output_soft_credit_level0d_v1,True,,10,10.0,10.0,7.0,10.0,False
pre_reset_membrane,1.0,True,hard_plus_pre_reset_lam_1,compatibility_candidate,140,False,3.955491065979004,10.0,0.016227876767516136,9.784759521484375,6.784759044647217,0.0,10.0,1.0,0.0,0.2152409553527832,9.819845199584961,0.016227876767516136,-0.13007473945617676,1.0,-4.676370620727539,3.9536232948303223,0.953623354434967,False,-0.05902388319373131,4.0,1.0,6.0,3.955491065979004,-2.0,-4.735394477844238,0.05,1.0,1.0,200,delay_hard_output_soft_credit_level0d_v1,True,,10,10.0,10.0,7.0,10.0,False
pre_reset_membrane,1.0,True,hard_plus_pre_reset_lam_1,compatibility_candidate,43,False,7.0,10.0,0.0,10.00601577758789,7.006015300750732,0.0,10.0,1.0,0.0,0.006015300750732422,10.0,0.0,0.0,1.0,0.0,7.0,4.0,False,-0.16777074337005615,7.0,1.0,3.0,7.0,0.0,-0.16777074337005615,0.05,1.0,1.0,200,delay_hard_output_soft_credit_level0d_v1,True,,10,10.0,10.0,7.0,10.0,False
pre_reset_membrane,1.0,True,hard_plus_pre_reset_lam_1,compatibility_candidate,0,False,10.0,10.0,0.0,10.04637622833252,7.0463762283325195,0.0,10.0,1.0,0.0,0.04637622833251953,10.0,0.0,0.0,1.0,0.0,10.04637622833252,7.0463762283325195,False,0.0,10.0,1.0,0.0,10.0,2.0,0.0,0.05,1.0,1.0,200,delay_hard_output_soft_credit_level0d_v1,True,,10,10.0,10.0,7.0,10.0,False
pre_reset_membrane,1.0,True,hard_plus_pre_reset_lam_1,compatibility_candidate,26,False,10.872686386108398,10.0,0.0,10.110763549804688,7.110763072967529,0.0,10.0,1.0,0.0,0.1107630729675293,10.0,0.0,0.0,1.0,0.09653793275356293,10.856110572814941,7.856110095977783,False,0.006925386842340231,11.0,1.0,1.0,10.872686386108398,4.0,0.103463314473629,0.05,1.0,1.0,200,delay_hard_output_soft_credit_level0d_v1,True,,10,10.0,10.0,7.0,10.0,False
pre_reset_membrane,1.0,True,pre_reset_soft_only,bridge_positive_control,,False,3.0,4.0,0.5,3.1438896656036377,0.1438896805047989,0.07281782478094101,3.0,1.0,1.0,0.8561103194952011,3.0,0.5,0.0,0.0,0.0,3.1438896656036377,0.1438896805047989,False,-0.006932354997843504,3.0,1.0,1.0,3.0,-4.0,0.0,0.05,1.0,1.0,200,delay_hard_output_soft_credit_level0d_v1,False,,4,4.0,4.0,1.0,4.0,False
pre_reset_membrane,1.0,True,pre_reset_soft_only,bridge_positive_control,0,False,3.955491065979004,4.0,0.0,4.261117458343506,1.2611173391342163,0.0,4.0,1.0,0.0,0.2611173391342163,4.0,0.0,0.0,0.0,-0.03443460166454315,3.9536232948303223,0.953623354434967,False,0.0,4.0,1.0,0.0,3.955491065979004,-2.0,-0.03443460166454315,0.05,1.0,1.0,200,delay_hard_output_soft_credit_level0d_v1,True,,4,4.0,4.0,1.0,4.0,False
pre_reset_membrane,1.0,True,pre_reset_soft_only,bridge_positive_control,,False,7.0,4.0,4.5,7.0,4.0,0.16226047277450562,7.0,1.0,3.0,3.0,7.0,4.5,0.0,0.0,0.0,7.0,4.0,False,-0.16623477637767792,7.0,1.0,3.0,7.0,0.0,0.0,0.05,1.0,1.0,200,delay_hard_output_soft_credit_level0d_v1,False,,4,4.0,4.0,1.0,4.0,False
pre_reset_membrane,1.0,True,pre_reset_soft_only,bridge_positive_control,,False,10.0,4.0,18.0,10.04637622833252,7.0463762283325195,0.2203679084777832,10.0,1.0,6.0,6.0463762283325195,10.0,18.0,0.0,0.0,0.0,10.04637622833252,7.0463762283325195,False,-0.10218752175569534,10.0,1.0,6.0,10.0,2.0,0.0,0.05,1.0,1.0,200,delay_hard_output_soft_credit_level0d_v1,False,,4,4.0,4.0,1.0,4.0,False
pre_reset_membrane,1.0,True,pre_reset_soft_only,bridge_positive_control,,False,10.872686386108398,4.0,18.0,10.105690002441406,7.105690002441406,0.2203679084777832,10.0,1.0,6.0,6.105690002441406,10.0,18.0,0.0,0.0,0.7602669596672058,10.856110572814941,7.856110095977783,True,-0.010760667733848095,11.0,1.0,7.0,10.872686386108398,4.0,0.7602669596672058,0.05,1.0,1.0,200,delay_hard_output_soft_credit_level0d_v1,False,,4,4.0,4.0,1.0,4.0,False
pre_reset_membrane,1.0,True,pre_reset_soft_only,bridge_positive_control,,False,3.0,8.0,12.5,3.1438896656036377,0.1438896805047989,0.20796462893486023,3.0,1.0,5.0,4.856110319495201,3.0,12.5,0.0,0.0,0.0,3.1438896656036377,0.1438896805047989,False,-0.019849730655550957,3.0,1.0,5.0,3.0,-4.0,0.0,0.05,1.0,1.0,200,delay_hard_output_soft_credit_level0d_v1,False,,8,8.0,8.0,5.0,8.0,False
pre_reset_membrane,1.0,True,pre_reset_soft_only,bridge_positive_control,,False,3.955491065979004,8.0,8.0,4.370903015136719,1.3709030151367188,0.188840851187706,4.0,1.0,4.0,3.6290969848632812,3.999999761581421,8.0,0.0,0.0,-3.1290578842163086,3.9536232948303223,0.953623354434967,False,-0.05020797252655029,4.0,1.0,4.0,3.955491065979004,-2.0,-3.1290578842163086,0.05,1.0,1.0,200,delay_hard_output_soft_credit_level0d_v1,False,,8,8.0,8.0,5.0,8.0,False
pre_reset_membrane,1.0,True,pre_reset_soft_only,bridge_positive_control,,False,7.0,8.0,0.5,7.0,4.0,0.07277144491672516,7.0,1.0,1.0,1.0,7.0,0.5,0.0,0.0,0.0,7.0,4.0,False,-0.07499024271965027,7.0,1.0,1.0,7.0,0.0,0.0,0.05,1.0,1.0,200,delay_hard_output_soft_credit_level0d_v1,False,,8,8.0,8.0,5.0,8.0,False
pre_reset_membrane,1.0,True,pre_reset_soft_only,bridge_positive_control,,False,10.0,8.0,2.0,10.04637622833252,7.0463762283325195,0.12444300204515457,10.0,1.0,2.0,2.0463762283325195,10.0,2.0,0.0,0.0,0.0,10.04637622833252,7.0463762283325195,False,-0.05750516802072525,10.0,1.0,2.0,10.0,2.0,0.0,0.05,1.0,1.0,200,delay_hard_output_soft_credit_level0d_v1,False,,8,8.0,8.0,5.0,8.0,False
pre_reset_membrane,1.0,True,pre_reset_soft_only,bridge_positive_control,,False,10.872686386108398,8.0,2.0,10.111242294311523,7.111242771148682,0.12444300204515457,10.0,1.0,2.0,2.1112427711486816,10.0,2.0,0.0,0.0,0.31778082251548767,10.856110572814941,7.856110095977783,True,-0.0030272917356342077,11.0,1.0,3.0,10.872686386108398,4.0,0.31778082251548767,0.05,1.0,1.0,200,delay_hard_output_soft_credit_level0d_v1,False,,8,8.0,8.0,5.0,8.0,False
pre_reset_membrane,1.0,True,pre_reset_soft_only,bridge_positive_control,,False,3.0,10.0,24.5,3.1438896656036377,0.1438896805047989,0.23006366193294525,3.0,1.0,7.0,6.856110319495201,3.0,24.5,0.0,0.0,0.0,3.1438896656036377,0.1438896805047989,False,-0.022117862477898598,3.0,1.0,7.0,3.0,-4.0,0.0,0.05,1.0,1.0,200,delay_hard_output_soft_credit_level0d_v1,False,,10,10.0,10.0,7.0,10.0,False
pre_reset_membrane,1.0,True,pre_reset_soft_only,bridge_positive_control,,False,3.955491065979004,10.0,18.0,4.370904922485352,1.3709051609039307,0.2203679084777832,4.0,1.0,6.0,5.629094839096069,3.999999761581421,18.0,0.0,0.0,-4.676370620727539,3.9536232948303223,0.953623354434967,False,-0.05902388319373131,4.0,1.0,6.0,3.955491065979004,-2.0,-4.676370620727539,0.05,1.0,1.0,200,delay_hard_output_soft_credit_level0d_v1,False,,10,10.0,10.0,7.0,10.0,False
pre_reset_membrane,1.0,True,pre_reset_soft_only,bridge_positive_control,,False,7.0,10.0,4.5,7.0,4.0,0.1614476442337036,7.0,1.0,3.0,3.0,7.0,4.5,0.0,0.0,0.0,7.0,4.0,False,-0.16777074337005615,7.0,1.0,3.0,7.0,0.0,0.0,0.05,1.0,1.0,200,delay_hard_output_soft_credit_level0d_v1,False,,10,10.0,10.0,7.0,10.0,False
pre_reset_membrane,1.0,True,pre_reset_soft_only,bridge_positive_control,0,False,10.0,10.0,0.0,10.04637622833252,7.0463762283325195,0.0,10.0,1.0,0.0,0.04637622833251953,10.0,0.0,0.0,0.0,0.0,10.04637622833252,7.0463762283325195,False,0.0,10.0,1.0,0.0,10.0,2.0,0.0,0.05,1.0,1.0,200,delay_hard_output_soft_credit_level0d_v1,True,,10,10.0,10.0,7.0,10.0,False
pre_reset_membrane,1.0,True,pre_reset_soft_only,bridge_positive_control,27,False,10.872686386108398,10.0,0.0,10.094730377197266,7.094730377197266,0.0,10.0,1.0,0.0,0.09473037719726562,10.0,0.0,0.0,0.0,0.09653793275356293,10.856110572814941,7.856110095977783,False,0.006925386842340231,11.0,1.0,1.0,10.872686386108398,4.0,0.09653793275356293,0.05,1.0,1.0,200,delay_hard_output_soft_credit_level0d_v1,True,,10,10.0,10.0,7.0,10.0,False
