N_hidden,w,T,worst_bacc,exact_trial,max_centroid_error,mechanism_valid,pass_90,N_times_T,neuron_updates_per_trial,dense_synapse_macs_per_trial,mean_synaptic_events_total,delay_buffer_elements_per_sample,model_scalar_storage_elements,bacc_q0,activity_q0,delay_q0,arrival_q0,bacc_q1,activity_q1,delay_q1,arrival_q1,bacc_q2,activity_q2,delay_q2,arrival_q2,bacc_q3,activity_q3,delay_q3,arrival_q3,bacc_q4,activity_q4,delay_q4,arrival_q4,bacc_q5,activity_q5,delay_q5,arrival_q5
1,4,34,0.5234375,0.24853515625,0.04213905334472656,True,False,34,34,816,48.0400390625,648,175,0.9996744394302368,0.25048828125,3.5121965408325195,12.01219654083252,0.912109375,0.6376953125,7.500061988830566,16.000061988830566,0.5625,0.298828125,11.502946853637695,20.002946853637695,0.5234375,0.2724609375,15.501537322998047,24.001537322998047,0.9931640625,0.74560546875,19.49945068359375,27.99945068359375,0.9954427480697632,0.2568359375,23.457860946655273,31.957860946655273
1,5,40,0.5068359375,0.21826171875,0.19692039489746094,True,False,40,40,960,48.0400390625,792,175,0.9970703125,0.75146484375,3.992780923843384,12.492780923843384,0.9996744394302368,0.25048828125,8.999576568603516,17.499576568603516,0.5068359375,0.078125,13.99754524230957,22.49754524230957,0.52294921875,0.05224609375,19.000905990600586,27.500905990600586,0.9925130605697632,0.26123046875,23.99987030029297,32.49987030029297,0.91796875,0.62890625,28.80307960510254,37.30307960510254
1,6,46,0.55810546875,0.29150390625,0.3775978088378906,True,False,46,46,1104,48.0400390625,936,175,1.0,0.25,4.495384216308594,12.995384216308594,0.9104818105697632,0.63916015625,10.498546600341797,18.998546600341797,0.61328125,0.2578125,16.50132179260254,25.00132179260254,0.55810546875,0.31982421875,22.500993728637695,31.000993728637695,0.9993489980697632,0.7490234375,28.50057029724121,37.00057029724121,0.9983724355697632,0.25048828125,34.12240219116211,42.62240219116211
1,8,58,0.52587890625,0.2666015625,0.14358139038085938,True,False,58,58,1392,48.0400390625,1224,175,0.9990234375,0.25146484375,5.514176845550537,14.014176845550537,0.978515625,0.7529296875,13.500174522399902,22.000174522399902,0.52587890625,0.05908203125,21.502885818481445,30.002885818481445,0.54345703125,0.43212890625,29.501529693603516,38.001529693603516,0.9990234375,0.75048828125,37.49946212768555,45.99946212768555,1.0,0.25,45.35641860961914,53.85641860961914
1,10,70,0.51171875,0.296875,0.14213180541992188,True,False,70,70,1680,48.0400390625,1512,175,0.9986978769302368,0.251953125,6.510184288024902,15.010184288024902,0.978515625,0.7529296875,16.499330520629883,24.999330520629883,0.51171875,0.2392578125,26.49754524230957,34.99754524230957,0.5859375,0.4375,36.49956512451172,44.99956512451172,0.9990234375,0.75048828125,46.49797821044922,54.99797821044922,1.0,0.25,56.35786819458008,64.85786819458008
1,14,94,0.49609375,0.2392578125,0.421142578125,True,False,94,94,2256,48.0400390625,2088,175,1.0,0.75,8.496892929077148,16.99689292907715,1.0,0.25,22.49899673461914,30.99899673461914,0.49853515625,0.60009765625,36.499488830566406,44.999488830566406,0.49609375,0.8974609375,50.5003776550293,59.0003776550293,1.0,0.25,64.49960327148438,72.99960327148438,0.9944661855697632,0.74169921875,78.078857421875,86.578857421875
1,20,130,0.49072265625,0.24951171875,0.34081268310546875,True,False,130,130,3120,48.0400390625,2952,175,0.9996744394302368,0.74951171875,11.501922607421875,20.001922607421875,0.9993489980697632,0.2509765625,31.4993953704834,39.9993953704834,0.51123046875,0.33154296875,51.497528076171875,59.997528076171875,0.49072265625,0.54833984375,71.49956512451172,79.99956512451172,0.9996744394302368,0.25048828125,91.49797821044922,99.99797821044922,0.99609375,0.744140625,111.15918731689453,119.65918731689453
1,26,166,0.49658203125,0.25244140625,0.4556884765625,True,False,166,166,3984,48.0400390625,3816,175,0.9993489980697632,0.7490234375,14.503850936889648,23.00385093688965,1.0,0.25,40.49940872192383,48.99940872192383,0.50244140625,0.45947265625,66.49754333496094,74.99754333496094,0.49658203125,0.54931640625,92.49957275390625,100.99957275390625,0.9990234375,0.25146484375,118.49797821044922,126.99797821044922,0.998046875,0.7470703125,144.0443115234375,152.5443115234375
2,4,34,0.5185546875,0.28173828125,0.028270721435546875,True,False,68,68,1632,96.080078125,648,247,0.9951171875,0.75244140625,3.4992661476135254,11.999266147613525,0.9947916269302368,0.2578125,7.49912691116333,15.99912691116333,0.5185546875,0.98486328125,11.49747371673584,19.99747371673584,0.56689453125,0.92626953125,15.499579429626465,23.999579429626465,0.9482421875,0.32763671875,19.497947692871094,27.997947692871094,0.990234375,0.7548828125,23.471729278564453,31.971729278564453
2,5,40,0.50439453125,0.2529296875,0.2864818572998047,True,False,80,80,1920,96.080078125,792,247,0.98828125,1.0,3.993497848510742,12.493497848510742,1.0,0.25,8.998549461364746,17.498549461364746,0.50439453125,0.03466796875,14.00131893157959,22.50131893157959,0.5166015625,0.1044921875,19.001005172729492,27.501005172729492,0.9970703125,0.99951171875,24.000566482543945,32.500566482543945,0.9996744394302368,0.9990234375,28.713518142700195,37.213518142700195
2,6,46,0.99609375,0.99365234375,0.0634002685546875,True,True,92,92,2208,96.080078125,936,247,1.0,0.75,4.499472141265869,12.99947214126587,1.0,0.25,10.499244689941406,18.999244689941406,1.0,0.5,16.497514724731445,24.997514724731445,0.99609375,0.4970703125,22.499570846557617,30.999570846557617,0.9990234375,0.25146484375,28.49795913696289,36.99795913696289,0.998046875,0.7490234375,34.43659973144531,42.93659973144531
2,8,58,0.99560546875,0.99072265625,0.20102691650390625,True,True,116,116,2784,96.080078125,1224,247,1.0,0.75,5.5123209953308105,14.01232099533081,0.9996744394302368,0.25048828125,13.499059677124023,21.999059677124023,0.9990234375,0.5,21.499483108520508,29.999483108520508,0.99560546875,0.49658203125,29.50037956237793,38.00037956237793,0.9993489980697632,0.2509765625,37.49959945678711,45.99959945678711,0.9973958730697632,0.748046875,45.298973083496094,53.798973083496094
2,10,70,0.74560546875,0.72021484375,0.10193252563476562,True,False,140,140,3360,96.080078125,1512,247,0.9996744394302368,0.75146484375,6.514926433563232,15.014926433563232,0.984375,0.69091796875,16.498947143554688,24.998947143554688,0.74560546875,0.9697265625,26.501636505126953,35.00163650512695,0.998046875,1.0,36.500919342041016,45.000919342041016,0.990234375,0.99365234375,46.49946594238281,54.99946594238281,0.9879556894302368,0.75048828125,56.398067474365234,64.89806747436523
2,14,94,0.732421875,0.70361328125,0.159088134765625,True,False,188,188,4512,96.080078125,2088,247,0.9993489980697632,0.7490234375,8.514252662658691,17.01425266265869,0.9996744394302368,0.25048828125,22.49895477294922,30.99895477294922,0.732421875,0.76171875,36.50163269042969,45.00163269042969,0.970703125,0.517578125,50.50092315673828,59.00092315673828,1.0,0.25,64.49945831298828,72.99945831298828,0.9967447519302368,0.7451171875,78.34091186523438,86.84091186523438
2,20,130,0.7216796875,0.5244140625,0.47997283935546875,True,False,260,260,6240,96.080078125,2952,247,0.9970703125,0.7490234375,11.502218246459961,20.00221824645996,0.998046875,0.24951171875,31.500226974487305,40.000226974487305,0.7216796875,0.9794921875,51.502899169921875,60.002899169921875,0.7421875,0.9912109375,71.50153350830078,80.00153350830078,0.9970703125,0.25,91.49945831298828,99.99945831298828,0.9954427480697632,0.74462890625,111.02002716064453,119.52002716064453
2,26,166,0.74169921875,0.53662109375,0.3388519287109375,True,False,332,332,7968,96.080078125,3816,247,0.99609375,0.74853515625,14.506318092346191,23.00631809234619,0.9970703125,0.24951171875,40.498958587646484,48.998958587646484,0.74169921875,0.99072265625,66.50164031982422,75.00164031982422,0.7421875,0.267578125,92.50093078613281,101.00093078613281,1.0,0.25,118.49945068359375,126.99945068359375,0.994140625,0.74755859375,144.16114807128906,152.66114807128906
3,4,34,0.9775390625,0.927734375,0.019216537475585938,True,True,102,102,2448,144.1201171875,648,319,0.9967447519302368,1.0,3.5136830806732178,12.013683080673218,0.9944661855697632,0.8017578125,7.498898983001709,15.998898983001709,0.9775390625,0.7509765625,11.501587867736816,20.001587867736816,0.984375,0.74951171875,15.500960350036621,24.00096035003662,0.986328125,0.94091796875,19.499500274658203,27.999500274658203,0.98828125,0.94970703125,23.480783462524414,31.980783462524414
3,5,40,0.9931640625,0.984375,0.09466743469238281,True,True,120,120,2880,144.1201171875,792,319,1.0,0.99951171875,4.012678623199463,12.512678623199463,0.9990234375,1.0,8.999166488647461,17.49916648864746,0.99755859375,0.73876953125,13.99945068359375,22.49945068359375,0.9931640625,1.0,19.000385284423828,27.500385284423828,0.9938150644302368,1.0,23.999601364135742,32.49960136413574,0.9977213144302368,0.99658203125,28.905332565307617,37.40533256530762
3,6,46,0.72802734375,0.7109375,0.06344223022460938,True,False,138,138,3312,144.1201171875,936,319,0.9970703125,0.99951171875,4.499476909637451,12.999476909637451,0.9788411855697632,1.0,10.499244689941406,18.999244689941406,0.998046875,0.876953125,16.497514724731445,24.997514724731445,0.72802734375,0.994140625,22.499570846557617,30.999570846557617,0.9853515625,1.0,28.497957229614258,36.99795722961426,0.9996744394302368,0.8466796875,34.43655776977539,42.93655776977539
3,8,58,0.9973958730697632,0.9951171875,0.3966407775878906,True,True,174,174,4176,144.1201171875,1224,319,0.9990234375,0.99951171875,5.483170032501221,13.98317003250122,0.9993489980697632,1.0,13.49946117401123,21.99946117401123,1.0,0.5,21.497587203979492,29.997587203979492,0.99853515625,0.49853515625,29.500913619995117,38.00091361999512,0.9973958730697632,0.9990234375,37.499881744384766,45.999881744384766,1.0,0.845703125,45.10335922241211,53.60335922241211
3,10,70,0.9986978769302368,0.99755859375,0.2747802734375,True,True,210,210,5040,144.1201171875,1512,319,0.9986978769302368,0.99951171875,6.505229949951172,15.005229949951172,1.0,1.0,16.499025344848633,24.999025344848633,0.9990234375,0.99951171875,26.49949073791504,34.99949073791504,1.0,1.0,36.50037384033203,45.00037384033203,1.0,0.99658203125,46.49959945678711,54.99959945678711,0.9996744394302368,0.99951171875,56.2252197265625,64.7252197265625
3,14,94,0.54931640625,0.54833984375,0.1627044677734375,True,False,282,282,6768,144.1201171875,2088,319,0.9996744394302368,1.0,8.514357566833496,17.014357566833496,0.9993489980697632,1.0,22.49895668029785,30.99895668029785,1.0,0.99755859375,36.50164794921875,45.00164794921875,0.54931640625,1.0,50.500911712646484,59.000911712646484,1.0,0.99853515625,64.49945831298828,72.99945831298828,0.9990234375,1.0,78.33729553222656,86.83729553222656
3,20,130,0.998046875,0.99658203125,0.47554779052734375,True,True,390,390,9360,144.1201171875,2952,319,0.9996744394302368,0.99951171875,11.502760887145996,20.002760887145996,0.9990234375,0.99951171875,31.50022315979004,40.00022315979004,0.998046875,0.99951171875,51.502864837646484,60.002864837646484,1.0,1.0,71.50153350830078,80.00153350830078,1.0,0.99755859375,91.49945831298828,99.99945831298828,0.9996744394302368,0.99951171875,111.02445220947266,119.52445220947266
3,26,166,0.99951171875,0.99853515625,0.4565582275390625,True,True,498,498,11952,144.1201171875,3816,319,1.0,0.99951171875,14.50389575958252,23.00389575958252,1.0,0.99951171875,40.499385833740234,48.999385833740234,0.99951171875,0.99462890625,66.4975357055664,74.9975357055664,0.99951171875,0.9990234375,92.49958038330078,100.99958038330078,0.9996744394302368,0.99951171875,118.49796295166016,126.99796295166016,1.0,0.998046875,144.04344177246094,152.54344177246094
4,4,34,0.80126953125,0.59423828125,0.042140960693359375,True,False,136,136,3264,192.16015625,648,391,0.9970703125,1.0,3.512197732925415,12.012197732925415,0.9951171875,1.0,7.500061988830566,16.000061988830566,0.80908203125,0.74462890625,11.502945899963379,20.00294589996338,0.80126953125,0.95068359375,15.50153923034668,24.00153923034668,0.9947916269302368,0.970703125,19.49945068359375,27.99945068359375,0.9827474355697632,0.982421875,23.45785903930664,31.95785903930664
4,5,40,0.99609375,0.98828125,0.031217575073242188,True,True,160,160,3840,192.16015625,792,391,0.998046875,1.0,4.012086391448975,12.512086391448975,0.9996744394302368,1.0,8.998916625976562,17.498916625976562,0.99658203125,0.67041015625,14.001608848571777,22.501608848571777,0.99609375,0.9970703125,19.000944137573242,27.500944137573242,0.9973958730697632,0.99951171875,23.999492645263672,32.49949264526367,1.0,1.0,28.968782424926758,37.46878242492676
4,6,46,0.9990234375,0.99853515625,0.0634002685546875,True,True,184,184,4416,192.16015625,936,391,0.9996744394302368,1.0,4.499474048614502,12.999474048614502,1.0,1.0,10.499244689941406,18.999244689941406,1.0,0.5,16.497514724731445,24.997514724731445,0.99951171875,0.49951171875,22.499570846557617,30.999570846557617,1.0,0.98681640625,28.49795913696289,36.99795913696289,0.9990234375,1.0,34.43659973144531,42.93659973144531
4,8,58,0.998046875,0.9970703125,0.10201263427734375,True,True,232,232,5568,192.16015625,1224,391,1.0,1.0,5.505840301513672,14.005840301513672,1.0,1.0,13.499299049377441,21.99929904937744,0.998046875,1.0,21.49753189086914,29.99753189086914,0.9990234375,0.99609375,29.499568939208984,37.999568939208984,1.0,1.0,37.49797439575195,45.99797439575195,1.0,1.0,45.397987365722656,53.897987365722656
4,10,70,0.99951171875,0.99853515625,0.14236068725585938,True,True,280,280,6720,192.16015625,1512,391,0.9996744394302368,1.0,6.51015043258667,15.01015043258667,1.0,1.0,16.499330520629883,24.999330520629883,0.99951171875,0.73388671875,26.49754524230957,34.99754524230957,0.99951171875,1.0,36.499568939208984,44.999568939208984,1.0,1.0,46.497982025146484,54.997982025146484,1.0,0.86962890625,56.35763931274414,64.85763931274414
4,14,94,0.998046875,0.99658203125,0.15972137451171875,True,True,376,376,9024,192.16015625,2088,391,0.998046875,1.0,8.514267921447754,17.014267921447754,0.9990234375,1.0,22.498958587646484,30.998958587646484,0.99951171875,1.0,36.50163269042969,45.00163269042969,0.99853515625,1.0,50.50092315673828,59.00092315673828,1.0,1.0,64.49945831298828,72.99945831298828,1.0,0.98583984375,78.34027862548828,86.84027862548828
4,20,130,0.9990234375,0.9970703125,0.350341796875,True,True,520,520,12480,192.16015625,2952,391,1.0,1.0,11.50169563293457,20.00169563293457,0.9990234375,1.0,31.499393463134766,39.999393463134766,0.99951171875,0.9970703125,51.497528076171875,59.997528076171875,0.9990234375,1.0,71.49956512451172,79.99956512451172,0.9993489980697632,0.99755859375,91.49797821044922,99.99797821044922,1.0,0.98095703125,111.149658203125,119.649658203125
4,26,166,0.99951171875,0.9990234375,0.3442535400390625,True,True,664,664,15936,192.16015625,3816,391,1.0,0.99853515625,14.50631046295166,23.00631046295166,1.0,0.99951171875,40.498958587646484,48.998958587646484,1.0,1.0,66.5015869140625,75.0015869140625,0.99951171875,1.0,92.50096893310547,101.00096893310547,0.9996744394302368,0.99951171875,118.49949645996094,126.99949645996094,1.0,0.98583984375,144.15574645996094,152.65574645996094
5,4,34,0.9814453125,0.94482421875,0.019214630126953125,True,True,170,170,4080,240.2001953125,648,463,0.9951171875,1.0,3.5136828422546387,12.013682842254639,0.9973958730697632,1.0,7.498898506164551,15.99889850616455,0.9814453125,0.962890625,11.501587867736816,20.001587867736816,0.982421875,0.96728515625,15.500959396362305,24.000959396362305,0.9915364980697632,0.986328125,19.499500274658203,27.999500274658203,0.9951171875,0.99853515625,23.480785369873047,31.980785369873047
5,5,40,0.9967447519302368,0.994140625,0.04517555236816406,True,True,200,200,4800,240.2001953125,792,463,0.998046875,1.0,3.99869966506958,12.49869966506958,0.9990234375,1.0,8.999198913574219,17.49919891357422,0.99853515625,1.0,13.997499465942383,22.497499465942383,0.99951171875,0.7509765625,18.99957275390625,27.49957275390625,0.9986978769302368,0.5361328125,23.997957229614258,32.49795722961426,0.9967447519302368,1.0,28.954824447631836,37.454824447631836
5,6,46,0.99951171875,0.99853515625,0.044342041015625,True,True,230,230,5520,240.2001953125,936,463,0.9996744394302368,1.0,4.509712219238281,13.009712219238281,1.0,1.0,10.49892520904541,18.99892520904541,0.99951171875,1.0,16.501619338989258,25.001619338989258,0.99951171875,0.50634765625,22.500930786132812,31.000930786132812,1.0,0.7333984375,28.499481201171875,36.999481201171875,1.0,1.0,34.455657958984375,42.955657958984375
5,8,58,0.9993489980697632,0.99853515625,0.072479248046875,True,True,290,290,6960,240.2001953125,1224,463,1.0,1.0,5.507549285888672,14.007549285888672,1.0,1.0,13.498939514160156,21.998939514160156,0.99951171875,1.0,21.501632690429688,30.001632690429688,1.0,1.0,29.500919342041016,38.000919342041016,1.0,1.0,37.49947738647461,45.99947738647461,0.9993489980697632,0.9990234375,45.427520751953125,53.927520751953125
5,10,70,0.9990234375,0.998046875,0.27483367919921875,True,True,350,350,8400,240.2001953125,1512,463,1.0,1.0,6.505229949951172,15.005229949951172,1.0,1.0,16.499027252197266,24.999027252197266,0.9990234375,1.0,26.499492645263672,34.99949264526367,0.9990234375,1.0,36.50037384033203,45.00037384033203,1.0,1.0,46.49959945678711,54.99959945678711,1.0,0.99951171875,56.22516632080078,64.72516632080078
5,14,94,0.99951171875,0.99951171875,0.42246246337890625,True,True,470,470,11280,240.2001953125,2088,463,1.0,1.0,8.496939659118652,16.996939659118652,1.0,1.0,22.498992919921875,30.998992919921875,1.0,1.0,36.4995002746582,44.9995002746582,0.99951171875,1.0,50.50037384033203,59.00037384033203,1.0,1.0,64.4996109008789,72.9996109008789,1.0,0.99462890625,78.0775375366211,86.5775375366211
5,20,130,0.99951171875,0.9990234375,0.2489471435546875,True,True,650,650,15600,240.2001953125,2952,463,1.0,0.99951171875,11.505583763122559,20.00558376312256,1.0,1.0,31.498958587646484,39.998958587646484,0.99951171875,1.0,51.50164031982422,60.00164031982422,0.99951171875,1.0,71.50092315673828,80.00092315673828,1.0,1.0,91.49945831298828,99.99945831298828,1.0,0.9951171875,111.25105285644531,119.75105285644531
5,26,166,0.99951171875,0.99951171875,0.4718170166015625,True,True,830,830,19920,240.2001953125,3816,463,1.0,0.99951171875,14.50396728515625,23.00396728515625,1.0,1.0,40.4993782043457,48.9993782043457,1.0,1.0,66.49751281738281,74.99751281738281,0.99951171875,0.994140625,92.49957275390625,100.99957275390625,1.0,1.0,118.49797058105469,126.99797058105469,1.0,0.97509765625,144.02818298339844,152.52818298339844
6,4,34,0.9983724355697632,0.9970703125,0.019216537475585938,True,True,204,204,4896,288.240234375,648,535,1.0,1.0,3.5136821269989014,12.013682126998901,1.0,1.0,7.498897552490234,15.998897552490234,0.99951171875,1.0,11.501587867736816,20.001587867736816,1.0,1.0,15.500957489013672,24.000957489013672,1.0,1.0,19.499502182006836,27.999502182006836,0.9983724355697632,1.0,23.480783462524414,31.980783462524414
6,5,40,0.998046875,0.9951171875,0.031213760375976562,True,True,240,240,5760,288.240234375,792,535,0.9990234375,1.0,4.012084484100342,12.512084484100342,0.998046875,1.0,8.998915672302246,17.498915672302246,0.99853515625,1.0,14.001608848571777,22.501608848571777,0.99951171875,0.85888671875,19.000944137573242,27.500944137573242,1.0,0.89697265625,23.99949073791504,32.49949073791504,0.9990234375,0.99853515625,28.968786239624023,37.46878623962402
6,6,46,0.99951171875,0.9990234375,0.09085845947265625,True,True,276,276,6624,288.240234375,936,535,0.9996744394302368,1.0,4.513373851776123,13.013373851776123,1.0,0.99951171875,10.500138282775879,19.00013828277588,1.0,1.0,16.50290870666504,25.00290870666504,0.99951171875,1.0,22.501527786254883,31.001527786254883,1.0,1.0,28.49945640563965,36.99945640563965,1.0,0.99609375,34.409141540527344,42.909141540527344
6,8,58,0.99951171875,0.9990234375,0.10200881958007812,True,True,348,348,8352,288.240234375,1224,535,1.0,1.0,5.5058417320251465,14.005841732025146,1.0,1.0,13.499299049377441,21.99929904937744,0.99951171875,1.0,21.497535705566406,29.997535705566406,1.0,0.99951171875,29.499570846557617,37.99957084655762,1.0,1.0,37.49797058105469,45.99797058105469,0.9996744394302368,0.99951171875,45.39799118041992,53.89799118041992
6,10,70,0.998046875,0.99658203125,0.19800186157226562,True,True,420,420,10080,288.240234375,1512,535,1.0,1.0,6.507735729217529,15.00773572921753,1.0,1.0,16.500194549560547,25.000194549560547,1.0,1.0,26.502878189086914,35.002878189086914,0.998046875,1.0,36.501529693603516,45.001529693603516,0.9993489980697632,1.0,46.49946594238281,54.99946594238281,0.9996744394302368,1.0,56.301998138427734,64.80199813842773
6,14,94,0.9996744394302368,0.99951171875,0.16297149658203125,True,True,564,564,13536,288.240234375,2088,535,1.0,1.0,8.513452529907227,17.013452529907227,1.0,1.0,22.49894905090332,30.99894905090332,1.0,1.0,36.50163269042969,45.00163269042969,1.0,1.0,50.50094223022461,59.00094223022461,1.0,1.0,64.49947357177734,72.99947357177734,0.9996744394302368,1.0,78.33702850341797,86.83702850341797
6,20,130,0.9990234375,0.998046875,0.47798919677734375,True,True,780,780,18720,288.240234375,2952,535,0.9996744394302368,1.0,11.50225830078125,20.00225830078125,0.9990234375,1.0,31.50022315979004,40.00022315979004,1.0,1.0,51.50289535522461,60.00289535522461,0.99951171875,1.0,71.50154113769531,80.00154113769531,1.0,1.0,91.49947357177734,99.99947357177734,0.9996744394302368,1.0,111.02201080322266,119.52201080322266
6,26,166,0.99951171875,0.99853515625,0.4570159912109375,True,True,996,996,23904,288.240234375,3816,535,1.0,0.99951171875,14.503806114196777,23.003806114196777,1.0,1.0,40.499412536621094,48.999412536621094,1.0,1.0,66.49749755859375,74.99749755859375,0.99951171875,1.0,92.49958038330078,100.99958038330078,0.9996744394302368,1.0,118.49795532226562,126.99795532226562,0.9996744394302368,1.0,144.04298400878906,152.54298400878906
8,4,34,0.99365234375,0.98681640625,0.042140960693359375,True,True,272,272,6528,384.3203125,648,679,0.9990234375,1.0,3.512197732925415,12.012197732925415,1.0,1.0,7.500061988830566,16.000061988830566,0.99365234375,1.0,11.502945899963379,20.00294589996338,0.99755859375,1.0,15.50153923034668,24.00153923034668,0.9990234375,1.0,19.49945068359375,27.99945068359375,0.9983724355697632,0.99951171875,23.45785903930664,31.95785903930664
8,5,40,0.99755859375,0.99560546875,0.045177459716796875,True,True,320,320,7680,384.3203125,792,679,1.0,1.0,3.9986989498138428,12.498698949813843,0.9990234375,1.0,8.999197959899902,17.499197959899902,0.9990234375,1.0,13.997498512268066,22.497498512268066,0.99755859375,1.0,18.99957275390625,27.49957275390625,0.9996744394302368,1.0,23.997957229614258,32.49795722961426,1.0,1.0,28.954822540283203,37.4548225402832
8,6,46,0.99951171875,0.9990234375,0.044342041015625,True,True,368,368,8832,384.3203125,936,679,1.0,1.0,4.509708881378174,13.009708881378174,1.0,1.0,10.49892520904541,18.99892520904541,0.99951171875,1.0,16.501619338989258,25.001619338989258,1.0,1.0,22.500932693481445,31.000932693481445,1.0,1.0,28.499479293823242,36.99947929382324,0.9996744394302368,0.99951171875,34.455657958984375,42.955657958984375
8,8,58,0.9990234375,0.99755859375,0.10180282592773438,True,True,464,464,11136,384.3203125,1224,679,1.0,1.0,5.505847930908203,14.005847930908203,0.9990234375,1.0,13.499299049377441,21.99929904937744,0.9990234375,1.0,21.49753189086914,29.99753189086914,0.99951171875,1.0,29.499568939208984,37.999568939208984,0.9996744394302368,1.0,37.49797439575195,45.99797439575195,1.0,0.9951171875,45.398197174072266,53.898197174072266
8,10,70,0.9996744394302368,0.99951171875,0.14171981811523438,True,True,560,560,13440,384.3203125,1512,679,1.0,1.0,6.510185241699219,15.010185241699219,1.0,1.0,16.499330520629883,24.999330520629883,1.0,1.0,26.49754524230957,34.99754524230957,1.0,1.0,36.499568939208984,44.999568939208984,0.9996744394302368,1.0,46.497982025146484,54.997982025146484,1.0,0.99072265625,56.358280181884766,64.85828018188477
8,14,94,1.0,1.0,0.302825927734375,True,True,752,752,18048,384.3203125,2088,679,1.0,1.0,8.498793601989746,16.998793601989746,1.0,1.0,22.500215530395508,31.000215530395508,1.0,1.0,36.50288772583008,45.00288772583008,1.0,1.0,50.50153350830078,59.00153350830078,1.0,1.0,64.49945831298828,72.99945831298828,1.0,0.98779296875,78.19717407226562,86.69717407226562
8,20,130,0.9990234375,0.99853515625,0.4784698486328125,True,True,1040,1040,24960,384.3203125,2952,679,1.0,1.0,11.502211570739746,20.002211570739746,0.9990234375,1.0,31.500226974487305,40.000226974487305,0.99951171875,1.0,51.50292205810547,60.00292205810547,1.0,1.0,71.50154876708984,80.00154876708984,0.9996744394302368,1.0,91.49945068359375,99.99945068359375,1.0,0.82568359375,111.02153015136719,119.52153015136719
8,26,166,0.9990234375,0.99853515625,0.4525299072265625,True,True,1328,1328,31872,384.3203125,3816,679,1.0,1.0,14.50391960144043,23.00391960144043,0.9990234375,1.0,40.499393463134766,48.999393463134766,0.99951171875,1.0,66.49752044677734,74.99752044677734,1.0,1.0,92.49960327148438,100.99960327148438,0.9996744394302368,0.99951171875,118.49793243408203,126.99793243408203,1.0,1.0,144.04747009277344,152.54747009277344
10,4,34,0.9977213144302368,0.9921875,0.028270721435546875,True,True,340,340,8160,480.400390625,648,823,1.0,1.0,3.499267101287842,11.999267101287842,0.9977213144302368,1.0,7.499127388000488,15.999127388000488,0.99853515625,1.0,11.49747371673584,19.99747371673584,0.99853515625,1.0,15.499578475952148,23.99957847595215,0.9993489980697632,1.0,19.497947692871094,27.997947692871094,0.9983724355697632,1.0,23.471729278564453,31.971729278564453
10,5,40,0.99853515625,0.99609375,0.06573104858398438,True,True,400,400,9600,480.400390625,792,823,1.0,1.0,4.012627124786377,12.512627124786377,0.9990234375,1.0,9.00010871887207,17.50010871887207,0.9990234375,1.0,14.002922058105469,22.50292205810547,0.99853515625,1.0,19.001537322998047,27.501537322998047,0.9993489980697632,1.0,23.999452590942383,32.49945259094238,1.0,1.0,28.934268951416016,37.434268951416016
10,6,46,0.9990234375,0.99853515625,0.183685302734375,True,True,460,460,11040,480.400390625,936,823,1.0,1.0,4.503870010375977,13.003870010375977,1.0,1.0,10.500732421875,19.000732421875,0.99951171875,1.0,16.502033233642578,25.002033233642578,0.9990234375,1.0,22.499805450439453,30.999805450439453,1.0,1.0,28.499515533447266,36.999515533447266,1.0,1.0,34.316314697265625,42.816314697265625
10,8,58,0.9990234375,0.9990234375,0.0724639892578125,True,True,580,580,13920,480.400390625,1224,823,1.0,1.0,5.50754976272583,14.00754976272583,0.9990234375,1.0,13.498939514160156,21.998939514160156,1.0,1.0,21.50163459777832,30.00163459777832,1.0,1.0,29.500925064086914,38.000925064086914,0.9990234375,1.0,37.499473571777344,45.999473571777344,1.0,0.99853515625,45.42753601074219,53.92753601074219
10,10,70,0.9996744394302368,0.99951171875,0.19800567626953125,True,True,700,700,16800,480.400390625,1512,823,1.0,1.0,6.507733345031738,15.007733345031738,1.0,1.0,16.500194549560547,25.000194549560547,1.0,1.0,26.502878189086914,35.002878189086914,1.0,1.0,36.50153350830078,45.00153350830078,0.9996744394302368,0.99951171875,46.49946594238281,54.99946594238281,1.0,1.0,56.30199432373047,64.80199432373047
10,14,94,0.99951171875,0.99853515625,0.4207305908203125,True,True,940,940,22560,480.400390625,2088,823,1.0,1.0,8.49679946899414,16.99679946899414,0.9996744394302368,1.0,22.49899673461914,30.99899673461914,1.0,0.99951171875,36.499488830566406,44.999488830566406,0.99951171875,1.0,50.50038528442383,59.00038528442383,1.0,0.99658203125,64.49960327148438,72.99960327148438,0.9996744394302368,0.99951171875,78.07926940917969,86.57926940917969
10,20,130,0.9990234375,0.9990234375,0.47088623046875,True,True,1300,1300,31200,480.400390625,2952,823,1.0,1.0,11.502260208129883,20.002260208129883,0.9990234375,1.0,31.50022315979004,40.00022315979004,1.0,1.0,51.502899169921875,60.002899169921875,1.0,1.0,71.50152587890625,80.00152587890625,1.0,1.0,91.49945831298828,99.99945831298828,0.9996744394302368,1.0,111.02911376953125,119.52911376953125
10,26,166,0.99951171875,0.9990234375,0.3248138427734375,True,True,1660,1660,39840,480.400390625,3816,823,1.0,1.0,14.50660228729248,23.00660228729248,1.0,1.0,40.49895477294922,48.99895477294922,0.99951171875,0.99951171875,66.50160217285156,75.00160217285156,1.0,1.0,92.5009765625,101.0009765625,0.9996744394302368,1.0,118.49949645996094,126.99949645996094,1.0,0.9990234375,144.17518615722656,152.67518615722656
12,4,34,0.99658203125,0.99365234375,0.06189155578613281,True,True,408,408,9792,576.48046875,648,967,1.0,1.0,3.512535333633423,12.012535333633423,0.9990234375,1.0,7.499242782592773,15.999242782592773,0.99951171875,0.99951171875,11.499428749084473,19.999428749084473,0.99658203125,0.96484375,15.500395774841309,24.00039577484131,1.0,1.0,19.499603271484375,27.999603271484375,0.9986978769302368,0.99951171875,23.438108444213867,31.938108444213867
12,5,40,0.9990234375,0.99951171875,0.04517555236816406,True,True,480,480,11520,576.48046875,792,967,1.0,1.0,3.9987008571624756,12.498700857162476,0.9990234375,1.0,8.999197959899902,17.499197959899902,1.0,1.0,13.997498512268066,22.497498512268066,1.0,0.99853515625,18.99957275390625,27.49957275390625,1.0,1.0,23.997957229614258,32.49795722961426,1.0,1.0,28.954824447631836,37.454824447631836
12,6,46,0.99951171875,0.99951171875,0.044345855712890625,True,True,552,552,13248,576.48046875,936,967,1.0,1.0,4.509709358215332,13.009709358215332,1.0,1.0,10.498927116394043,18.998927116394043,1.0,1.0,16.501619338989258,25.001619338989258,0.99951171875,1.0,22.500932693481445,31.000932693481445,1.0,1.0,28.499475479125977,36.99947547912598,1.0,0.998046875,34.45565414428711,42.95565414428711
12,8,58,0.99951171875,0.9990234375,0.10200881958007812,True,True,696,696,16704,576.48046875,1224,967,1.0,1.0,5.505839824676514,14.005839824676514,1.0,1.0,13.499299049377441,21.99929904937744,1.0,0.99365234375,21.497535705566406,29.997535705566406,0.99951171875,1.0,29.499570846557617,37.99957084655762,0.9996744394302368,1.0,37.497982025146484,45.997982025146484,1.0,0.99462890625,45.39799118041992,53.89799118041992
12,10,70,1.0,1.0,0.10192489624023438,True,True,840,840,20160,576.48046875,1512,967,1.0,1.0,6.514923572540283,15.014923572540283,1.0,1.0,16.498947143554688,24.998947143554688,1.0,0.99951171875,26.501646041870117,35.00164604187012,1.0,0.99951171875,36.500919342041016,45.000919342041016,1.0,1.0,46.49946594238281,54.99946594238281,1.0,0.9990234375,56.398075103759766,64.89807510375977
12,14,94,0.99951171875,0.9990234375,0.42540740966796875,True,True,1128,1128,27072,576.48046875,2088,967,1.0,1.0,8.496393203735352,16.99639320373535,1.0,1.0,22.498992919921875,30.998992919921875,1.0,1.0,36.49947738647461,44.99947738647461,0.99951171875,1.0,50.50038146972656,59.00038146972656,1.0,0.99658203125,64.49959564208984,72.99959564208984,0.9996744394302368,1.0,78.07459259033203,86.57459259033203
12,20,130,0.9990234375,0.99951171875,0.33147430419921875,True,True,1560,1560,37440,576.48046875,2952,967,1.0,1.0,11.501715660095215,20.001715660095215,0.9990234375,1.0,31.499387741088867,39.99938774108887,1.0,1.0,51.49747848510742,59.99747848510742,1.0,1.0,71.49958801269531,79.99958801269531,1.0,1.0,91.49796295166016,99.99796295166016,1.0,1.0,111.16852569580078,119.66852569580078
12,26,166,0.9990234375,0.9990234375,0.4690704345703125,True,True,1992,1992,47808,576.48046875,3816,967,1.0,1.0,14.503802299499512,23.00380229949951,0.9990234375,1.0,40.499393463134766,48.999393463134766,1.0,1.0,66.49748229980469,74.99748229980469,1.0,1.0,92.49958038330078,100.99958038330078,0.9996744394302368,0.99951171875,118.49796295166016,126.99796295166016,1.0,1.0,144.0309295654297,152.5309295654297
16,4,34,0.9983724355697632,0.99609375,0.019214630126953125,True,True,544,544,13056,768.640625,648,1255,0.9996744394302368,1.0,3.513681650161743,12.013681650161743,1.0,1.0,7.498898029327393,15.998898029327393,1.0,1.0,11.501587867736816,20.001587867736816,0.99951171875,1.0,15.500960350036621,24.00096035003662,0.9983724355697632,1.0,19.499502182006836,27.999502182006836,0.9990234375,1.0,23.480785369873047,31.980785369873047
16,5,40,0.9990234375,0.9990234375,0.06573295593261719,True,True,640,640,15360,768.640625,792,1255,1.0,1.0,4.0126261711120605,12.51262617111206,0.9990234375,1.0,9.000109672546387,17.500109672546387,1.0,1.0,14.002922058105469,22.50292205810547,0.99951171875,1.0,19.001535415649414,27.501535415649414,1.0,1.0,23.999452590942383,32.49945259094238,1.0,0.99755859375,28.934267044067383,37.43426704406738
16,6,46,0.99951171875,0.99853515625,0.12918472290039062,True,True,736,736,17664,768.640625,936,1255,1.0,1.0,4.512352466583252,13.012352466583252,1.0,1.0,10.499115943908691,18.99911594390869,0.99951171875,1.0,16.499465942382812,24.999465942382812,0.99951171875,1.0,22.500383377075195,31.000383377075195,0.9996744394302368,0.99951171875,28.499601364135742,36.99960136413574,1.0,0.9970703125,34.37081527709961,42.87081527709961
16,8,58,0.99951171875,0.99951171875,0.2816619873046875,True,True,928,928,22272,768.640625,1224,1255,1.0,1.0,5.501350402832031,14.001350402832031,1.0,1.0,13.50080680847168,22.00080680847168,1.0,1.0,21.502002716064453,30.002002716064453,0.99951171875,1.0,29.49980354309082,37.99980354309082,1.0,1.0,37.499515533447266,45.999515533447266,1.0,1.0,45.21833801269531,53.71833801269531
16,10,70,0.99951171875,0.99951171875,0.14202880859375,True,True,1120,1120,26880,768.640625,1512,1255,1.0,1.0,6.510185718536377,15.010185718536377,1.0,1.0,16.499330520629883,24.999330520629883,1.0,1.0,26.49754524230957,34.99754524230957,0.99951171875,1.0,36.499568939208984,44.999568939208984,1.0,1.0,46.497982025146484,54.997982025146484,1.0,0.994140625,56.35797119140625,64.85797119140625
16,14,94,1.0,1.0,0.41571044921875,True,True,1504,1504,36096,768.640625,2088,1255,1.0,1.0,8.496883392333984,16.996883392333984,1.0,1.0,22.49899673461914,30.99899673461914,1.0,1.0,36.499481201171875,44.999481201171875,1.0,1.0,50.50038146972656,59.00038146972656,1.0,1.0,64.49960327148438,72.99960327148438,1.0,1.0,78.08428955078125,86.58428955078125
16,20,130,0.9990234375,0.99951171875,0.2365875244140625,True,True,2080,2080,49920,768.640625,2952,1255,1.0,1.0,11.505592346191406,20.005592346191406,0.9990234375,1.0,31.498958587646484,39.998958587646484,1.0,1.0,51.50159454345703,60.00159454345703,1.0,1.0,71.50096893310547,80.00096893310547,1.0,1.0,91.49948120117188,99.99948120117188,1.0,0.998046875,111.26341247558594,119.76341247558594
16,26,166,0.99951171875,0.9990234375,0.451904296875,True,True,2656,2656,63744,768.640625,3816,1255,1.0,1.0,14.503812789916992,23.003812789916992,1.0,1.0,40.49937438964844,48.99937438964844,1.0,1.0,66.49750518798828,74.99750518798828,0.99951171875,1.0,92.49961853027344,100.99961853027344,1.0,1.0,118.49794006347656,126.99794006347656,0.9996744394302368,1.0,144.048095703125,152.548095703125
20,4,34,0.9990234375,0.998046875,0.061893463134765625,True,True,680,680,16320,960.80078125,648,1543,1.0,1.0,3.5125365257263184,12.012536525726318,1.0,1.0,7.499243259429932,15.999243259429932,0.9990234375,1.0,11.499427795410156,19.999427795410156,0.9990234375,1.0,15.500394821166992,24.000394821166992,1.0,1.0,19.499603271484375,27.999603271484375,1.0,1.0,23.438106536865234,31.938106536865234
20,5,40,0.9996744394302368,0.99951171875,0.06573104858398438,True,True,800,800,19200,960.80078125,792,1543,1.0,1.0,4.012627601623535,12.512627601623535,1.0,1.0,9.00010871887207,17.50010871887207,1.0,1.0,14.002922058105469,22.50292205810547,1.0,1.0,19.001537322998047,27.501537322998047,0.9996744394302368,1.0,23.999452590942383,32.49945259094238,1.0,0.99755859375,28.934268951416016,37.434268951416016
20,6,46,0.9996744394302368,0.9990234375,0.04434967041015625,True,True,920,920,22080,960.80078125,936,1543,1.0,1.0,4.509711265563965,13.009711265563965,1.0,1.0,10.498926162719727,18.998926162719727,1.0,1.0,16.50162124633789,25.00162124633789,1.0,1.0,22.500930786132812,31.000930786132812,0.9996744394302368,1.0,28.49948501586914,36.99948501586914,0.9996744394302368,1.0,34.455650329589844,42.955650329589844
20,8,58,1.0,1.0,0.20102691650390625,True,True,1160,1160,27840,960.80078125,1224,1543,1.0,1.0,5.512322425842285,14.012322425842285,1.0,1.0,13.499058723449707,21.999058723449707,1.0,1.0,21.49948501586914,29.99948501586914,1.0,1.0,29.500377655029297,38.0003776550293,1.0,1.0,37.499603271484375,45.999603271484375,1.0,1.0,45.298973083496094,53.798973083496094
20,10,70,1.0,1.0,0.3809013366699219,True,True,1400,1400,33600,960.80078125,1512,1543,1.0,1.0,6.497321128845215,14.997321128845215,1.0,1.0,16.5008487701416,25.0008487701416,1.0,1.0,26.501998901367188,35.00199890136719,1.0,1.0,36.49980545043945,44.99980545043945,1.0,1.0,46.49951171875,54.99951171875,1.0,1.0,56.11909866333008,64.61909866333008
20,14,94,0.9990234375,0.99951171875,0.41338348388671875,True,True,1880,1880,45120,960.80078125,2088,1543,1.0,1.0,8.49687385559082,16.99687385559082,0.9990234375,1.0,22.49899673461914,30.99899673461914,1.0,1.0,36.49946594238281,44.99946594238281,1.0,1.0,50.500389099121094,59.000389099121094,1.0,1.0,64.49960327148438,72.99960327148438,1.0,0.99951171875,78.08661651611328,86.58661651611328
20,20,130,1.0,1.0,0.45477294921875,True,True,2600,2600,62400,960.80078125,2952,1543,1.0,0.99951171875,11.50236701965332,20.00236701965332,1.0,1.0,31.50020980834961,40.00020980834961,1.0,1.0,51.5029296875,60.0029296875,1.0,1.0,71.50152587890625,80.00152587890625,1.0,1.0,91.49945831298828,99.99945831298828,1.0,1.0,111.04522705078125,119.54522705078125
20,26,166,0.9990234375,0.99951171875,0.4498138427734375,True,True,3320,3320,79680,960.80078125,3816,1543,1.0,1.0,14.503880500793457,23.003880500793457,0.9990234375,1.0,40.49937057495117,48.99937057495117,1.0,1.0,66.49750518798828,74.99750518798828,1.0,1.0,92.49960327148438,100.99960327148438,1.0,1.0,118.49796295166016,126.99796295166016,1.0,1.0,144.05018615722656,152.55018615722656
30,4,34,0.9990234375,0.998046875,0.061893463134765625,True,True,1020,1020,24480,1441.201171875,648,2263,1.0,1.0,3.5125346183776855,12.012534618377686,1.0,1.0,7.499242782592773,15.999242782592773,1.0,1.0,11.499429702758789,19.99942970275879,0.99951171875,1.0,15.50039291381836,24.00039291381836,0.9990234375,1.0,19.499603271484375,27.999603271484375,1.0,1.0,23.438106536865234,31.938106536865234
30,5,40,1.0,1.0,0.19692230224609375,True,True,1200,1200,28800,1441.201171875,792,2263,1.0,1.0,3.9927797317504883,12.492779731750488,1.0,1.0,8.9995756149292,17.4995756149292,1.0,1.0,13.997544288635254,22.497544288635254,1.0,1.0,19.000905990600586,27.500905990600586,1.0,1.0,23.99987030029297,32.49987030029297,1.0,0.99853515625,28.803077697753906,37.303077697753906
30,6,46,0.9996744394302368,0.99951171875,0.18367767333984375,True,True,1380,1380,33120,1441.201171875,936,2263,1.0,1.0,4.503870964050293,13.003870964050293,1.0,1.0,10.500732421875,19.000732421875,1.0,1.0,16.502033233642578,25.002033233642578,1.0,1.0,22.499807357788086,30.999807357788086,0.9996744394302368,1.0,28.499515533447266,36.999515533447266,1.0,0.96826171875,34.316322326660156,42.816322326660156
30,8,58,0.99951171875,0.99951171875,0.39664459228515625,True,True,1740,1740,41760,1441.201171875,1224,2263,1.0,1.0,5.4831671714782715,13.983167171478271,1.0,1.0,13.499462127685547,21.999462127685547,1.0,1.0,21.497583389282227,29.997583389282227,0.99951171875,1.0,29.500913619995117,38.00091361999512,1.0,1.0,37.499874114990234,45.999874114990234,1.0,0.99072265625,45.103355407714844,53.603355407714844
30,10,70,1.0,1.0,0.10126113891601562,True,True,2100,2100,50400,1441.201171875,1512,2263,1.0,1.0,6.514978408813477,15.014978408813477,1.0,1.0,16.49894905090332,24.99894905090332,1.0,1.0,26.50164031982422,35.00164031982422,1.0,1.0,36.50092315673828,45.00092315673828,1.0,1.0,46.49946975708008,54.99946975708008,1.0,0.9990234375,56.398738861083984,64.89873886108398
30,14,94,1.0,1.0,0.1574859619140625,True,True,2820,2820,67680,1441.201171875,2088,2263,1.0,1.0,8.514196395874023,17.014196395874023,1.0,1.0,22.498952865600586,30.998952865600586,1.0,1.0,36.50163269042969,45.00163269042969,1.0,1.0,50.500938415527344,59.000938415527344,1.0,1.0,64.49947357177734,72.99947357177734,1.0,0.99853515625,78.34251403808594,86.84251403808594
30,20,130,1.0,1.0,0.45899200439453125,True,True,3900,3900,93600,1441.201171875,2952,2263,1.0,1.0,11.502277374267578,20.002277374267578,1.0,1.0,31.50022315979004,40.00022315979004,1.0,1.0,51.502906799316406,60.002906799316406,1.0,1.0,71.50154113769531,80.00154113769531,1.0,1.0,91.49947357177734,99.99947357177734,1.0,0.9990234375,111.04100799560547,119.54100799560547
30,26,166,1.0,1.0,0.3339080810546875,True,True,4980,4980,119520,1441.201171875,3816,2263,1.0,1.0,14.506329536437988,23.00632953643799,1.0,1.0,40.498958587646484,48.998958587646484,1.0,1.0,66.50162506103516,75.00162506103516,1.0,1.0,92.50096893310547,101.00096893310547,1.0,1.0,118.49949645996094,126.99949645996094,1.0,1.0,144.1660919189453,152.6660919189453
40,4,34,0.99951171875,0.99951171875,0.028270721435546875,True,True,1360,1360,32640,1921.6015625,648,2983,1.0,1.0,3.499267101287842,11.999267101287842,1.0,1.0,7.499127388000488,15.999127388000488,1.0,1.0,11.49747371673584,19.99747371673584,0.99951171875,1.0,15.499578475952148,23.99957847595215,1.0,1.0,19.497947692871094,27.997947692871094,1.0,0.9990234375,23.471729278564453,31.971729278564453
40,5,40,0.99951171875,0.99951171875,0.13628768920898438,True,True,1600,1600,38400,1921.6015625,792,2983,1.0,1.0,4.0021514892578125,12.502151489257812,1.0,1.0,9.00067138671875,17.50067138671875,1.0,1.0,14.002057075500488,22.50205707550049,0.99951171875,1.0,18.99981117248535,27.49981117248535,1.0,1.0,23.999521255493164,32.499521255493164,1.0,1.0,28.863712310791016,37.363712310791016
40,6,46,1.0,1.0,0.129180908203125,True,True,1840,1840,44160,1921.6015625,936,2983,1.0,1.0,4.512353420257568,13.012353420257568,1.0,1.0,10.499115943908691,18.99911594390869,1.0,1.0,16.49946403503418,24.99946403503418,1.0,1.0,22.500381469726562,31.000381469726562,1.0,1.0,28.49959945678711,36.99959945678711,1.0,1.0,34.370819091796875,42.870819091796875
40,8,58,1.0,1.0,0.20102691650390625,True,True,2320,2320,55680,1921.6015625,1224,2983,1.0,1.0,5.512317657470703,14.012317657470703,1.0,1.0,13.499058723449707,21.999058723449707,1.0,1.0,21.49948501586914,29.99948501586914,1.0,1.0,29.500377655029297,38.0003776550293,1.0,1.0,37.499603271484375,45.999603271484375,1.0,0.9990234375,45.298973083496094,53.798973083496094
40,10,70,1.0,1.0,0.3817863464355469,True,True,2800,2800,67200,1921.6015625,1512,2983,1.0,1.0,6.497321128845215,14.997321128845215,1.0,1.0,16.50084686279297,25.00084686279297,1.0,1.0,26.50199317932129,35.00199317932129,1.0,1.0,36.49980163574219,44.99980163574219,1.0,1.0,46.499515533447266,54.999515533447266,1.0,0.9990234375,56.11821365356445,64.61821365356445
40,14,94,1.0,1.0,0.41705322265625,True,True,3760,3760,90240,1921.6015625,2088,2983,1.0,1.0,8.496870040893555,16.996870040893555,1.0,1.0,22.499011993408203,30.999011993408203,1.0,1.0,36.499488830566406,44.999488830566406,1.0,1.0,50.50038528442383,59.00038528442383,1.0,1.0,64.49960327148438,72.99960327148438,1.0,0.99365234375,78.08294677734375,86.58294677734375
40,20,130,0.9990234375,0.99951171875,0.4420318603515625,True,True,5200,5200,124800,1921.6015625,2952,2983,1.0,1.0,11.502301216125488,20.00230121612549,0.9990234375,1.0,31.500207901000977,40.00020790100098,1.0,1.0,51.50293731689453,60.00293731689453,1.0,1.0,71.50154113769531,80.00154113769531,1.0,1.0,91.49945831298828,99.99945831298828,1.0,0.99951171875,111.05796813964844,119.55796813964844
40,26,166,0.9990234375,0.9990234375,0.435211181640625,True,True,6640,6640,159360,1921.6015625,3816,2983,1.0,1.0,14.503758430480957,23.003758430480957,0.9990234375,1.0,40.49936294555664,48.99936294555664,1.0,1.0,66.49748229980469,74.99748229980469,1.0,1.0,92.49960327148438,100.99960327148438,1.0,1.0,118.4979476928711,126.9979476928711,0.9996744394302368,1.0,144.06478881835938,152.56478881835938
60,4,34,1.0,1.0,0.028268814086914062,True,True,2040,2040,48960,2882.40234375,648,5167,1.0,1.0,3.499267578125,11.999267578125,1.0,1.0,7.499129295349121,15.999129295349121,1.0,1.0,11.497476577758789,19.99747657775879,1.0,1.0,15.499577522277832,23.999577522277832,1.0,1.0,19.497947692871094,27.997947692871094,1.0,1.0,23.471731185913086,31.971731185913086
60,5,40,1.0,1.0,0.42176246643066406,True,True,2400,2400,57600,2882.40234375,792,5167,1.0,1.0,4.0104594230651855,12.510459423065186,1.0,1.0,9.00026798248291,17.50026798248291,1.0,1.0,13.998869895935059,22.49886989593506,1.0,1.0,18.99850082397461,27.49850082397461,1.0,1.0,24.000490188598633,32.50049018859863,1.0,1.0,28.578237533569336,37.078237533569336
60,6,46,1.0,1.0,0.09085464477539062,True,True,2760,2760,66240,2882.40234375,936,5167,1.0,1.0,4.5133748054504395,13.01337480545044,1.0,1.0,10.500139236450195,19.000139236450195,1.0,1.0,16.502906799316406,25.002906799316406,1.0,1.0,22.501529693603516,31.001529693603516,1.0,1.0,28.49945068359375,36.99945068359375,1.0,1.0,34.40914535522461,42.90914535522461
60,8,58,1.0,1.0,0.39664459228515625,True,True,3480,3480,83520,2882.40234375,1224,5167,1.0,1.0,5.4831671714782715,13.983167171478271,1.0,1.0,13.49946117401123,21.99946117401123,1.0,1.0,21.49758529663086,29.99758529663086,1.0,1.0,29.500913619995117,38.00091361999512,1.0,1.0,37.499874114990234,45.999874114990234,1.0,1.0,45.103355407714844,53.603355407714844
60,10,70,1.0,1.0,0.3817787170410156,True,True,4200,4200,100800,2882.40234375,1512,5167,1.0,1.0,6.4973225593566895,14.99732255935669,1.0,1.0,16.50084686279297,25.00084686279297,1.0,1.0,26.50198745727539,35.00198745727539,1.0,1.0,36.49980163574219,44.99980163574219,1.0,1.0,46.499515533447266,54.999515533447266,1.0,1.0,56.118221282958984,64.61822128295898
60,14,94,0.9996744394302368,0.99951171875,0.40618133544921875,True,True,5640,5640,135360,2882.40234375,2088,5167,1.0,1.0,8.496814727783203,16.996814727783203,1.0,1.0,22.49901008605957,30.99901008605957,1.0,1.0,36.49945068359375,44.99945068359375,1.0,1.0,50.50039291381836,59.00039291381836,1.0,1.0,64.49960327148438,72.99960327148438,0.9996744394302368,1.0,78.09381866455078,86.59381866455078
60,20,130,0.9996744394302368,0.99951171875,0.43318939208984375,True,True,7800,7800,187200,2882.40234375,2952,5167,1.0,1.0,11.502225875854492,20.002225875854492,1.0,1.0,31.500194549560547,40.00019454956055,1.0,1.0,51.502952575683594,60.002952575683594,1.0,1.0,71.50153350830078,80.00153350830078,1.0,1.0,91.49944305419922,99.99944305419922,0.9996744394302368,1.0,111.06681060791016,119.56681060791016
60,26,166,0.9996744394302368,0.99951171875,0.438262939453125,True,True,9960,9960,239040,2882.40234375,3816,5167,1.0,1.0,14.503775596618652,23.003775596618652,1.0,1.0,40.49934387207031,48.99934387207031,1.0,1.0,66.49748992919922,74.99748992919922,1.0,1.0,92.49959564208984,100.99959564208984,1.0,1.0,118.49793243408203,126.99793243408203,0.9996744394302368,1.0,144.06173706054688,152.56173706054688
