cell,hidden_size,seed,final_category,checkpoint,A,B,pattern,target_class,logit,prediction,classification_correct,output_class0_spikes,output_class1_spikes,total_output_spikes,interface_status,valid_one_target_spike,target_time,target_time_correct_spike,target_time_wrong_spike,correct_spike_times,wrong_spike_times,target_time_correct_voltage,target_time_wrong_voltage,correct_threshold_margin,wrong_suppression_margin,class_voltage_separation,correct_peak_time,wrong_peak_time,correct_peak_voltage,wrong_peak_voltage,correct_peak_threshold_margin,wrong_global_suppression_margin,target_time_correct_current,target_time_wrong_current,hidden_spikes_total,active_hidden_neurons,causal_hidden_spikes_at_t_minus_1
h4_seed107,4,107,silent,best,0,0,00,0,0.0,0,True,0.0,0.0,0.0,silent,False,11,0.0,0.0,,,0.0,0.0,-0.03,0.03,0.0,0,0,0.0,0.0,-0.03,0.03,0.0,0.0,0.0,0,0.0
h4_seed107,4,107,silent,best,1,0,10,1,1.0,1,True,0.0,1.0,1.0,valid,True,11,1.0,0.0,11,,0.07413507997989655,-0.10419856756925583,0.044135079979896547,0.13419856756925583,0.17833364754915237,11,0,0.07413507997989655,0.0,0.044135079979896547,0.03,0.7790361046791077,-1.0949532985687256,1.0,1,1.0
h4_seed107,4,107,silent,best,0,1,01,1,0.0,0,False,0.0,0.0,0.0,silent,False,11,0.0,0.0,,,0.0,0.0,-0.03,0.03,0.0,0,0,0.0,0.0,-0.03,0.03,0.0,0.0,0.0,0,0.0
h4_seed107,4,107,silent,best,1,1,11,0,0.0,0,True,0.0,0.0,0.0,silent,False,11,0.0,0.0,,,0.0,0.0,-0.03,0.03,0.0,0,0,0.0,0.0,-0.03,0.03,0.0,0.0,0.0,0,0.0
h4_seed107,4,107,silent,last,0,0,00,0,0.0,0,True,0.0,0.0,0.0,silent,False,11,0.0,0.0,,,0.0,0.0,-0.03,0.03,0.0,0,0,0.0,0.0,-0.03,0.03,0.0,0.0,0.0,0,0.0
h4_seed107,4,107,silent,last,1,0,10,1,1.0,1,True,0.0,1.0,1.0,valid,True,11,1.0,0.0,11,,0.1299038678407669,-0.17256273329257965,0.09990386784076691,0.20256273329257965,0.30246660113334656,11,0,0.1299038678407669,0.0,0.09990386784076691,0.03,1.3650730848312378,-1.8133466243743896,1.0,1,1.0
h4_seed107,4,107,silent,last,0,1,01,1,0.0,0,False,0.0,0.0,0.0,silent,False,11,0.0,0.0,,,0.0,0.0,-0.03,0.03,0.0,0,0,0.0,0.0,-0.03,0.03,0.0,0.0,0.0,0,0.0
h4_seed107,4,107,silent,last,1,1,11,0,0.0,0,True,0.0,0.0,0.0,silent,False,11,0.0,0.0,,,0.0,0.0,-0.03,0.03,0.0,0,0,0.0,0.0,-0.03,0.03,0.0,0.0,0.0,0,0.0
h4_seed211,4,211,silent,best,0,0,00,0,-1.0,0,True,1.0,0.0,1.0,valid,True,11,1.0,0.0,11,,0.06070084497332573,-0.1597173660993576,0.03070084497332573,0.1897173660993576,0.22041821107268333,11,0,0.06070084497332573,0.0,0.03070084497332573,0.03,0.6378647089004517,-1.67836332321167,1.0,1,1.0
h4_seed211,4,211,silent,best,1,0,10,1,1.0,1,True,0.0,1.0,1.0,valid,True,11,1.0,0.0,11,,0.0334998294711113,-0.04460081458091736,0.0034998294711112987,0.07460081458091736,0.07810064405202866,11,0,0.0334998294711113,0.0,0.0034998294711112987,0.03,0.35202735662460327,-0.468680202960968,1.0,1,1.0
h4_seed211,4,211,silent,best,0,1,01,1,1.0,1,True,0.0,1.0,1.0,valid,True,11,1.0,0.0,11,,0.05872311443090439,0.025113528594374657,0.02872311443090439,0.004886471405625342,0.03360958583652973,11,11,0.05872311443090439,0.025113528594374657,0.02872311443090439,0.004886471405625342,0.6170820593833923,0.26390132308006287,1.0,1,1.0
h4_seed211,4,211,silent,best,1,1,11,0,0.0,0,True,0.0,0.0,0.0,silent,False,11,0.0,0.0,,,0.0,0.0,-0.03,0.03,0.0,0,0,0.0,0.0,-0.03,0.03,0.0,0.0,0.0,0,0.0
h4_seed211,4,211,silent,last,0,0,00,0,-1.0,0,True,1.0,0.0,1.0,valid,True,11,1.0,0.0,11,,0.0902106836438179,-0.1904422640800476,0.0602106836438179,0.2204422640800476,0.2806529477238655,11,0,0.0902106836438179,0.0,0.0602106836438179,0.03,0.9479639530181885,-2.0012307167053223,1.0,1,1.0
h4_seed211,4,211,silent,last,1,0,10,1,1.0,1,True,0.0,1.0,1.0,valid,True,11,1.0,0.0,11,,0.03775410354137421,-0.062075838446617126,0.007754103541374208,0.09207583844661713,0.09982994198799133,11,0,0.03775410354137421,0.0,0.007754103541374208,0.03,0.3967326879501343,-0.6523135900497437,1.0,1,1.0
h4_seed211,4,211,silent,last,0,1,01,1,1.0,1,True,0.0,1.0,1.0,valid,True,11,1.0,0.0,11,,0.09704166650772095,-0.01339406706392765,0.06704166650772095,0.04339406706392765,0.1104357335716486,11,0,0.09704166650772095,0.0,0.06704166650772095,0.03,1.01974618434906,-0.14074932038784027,1.0,1,1.0
h4_seed211,4,211,silent,last,1,1,11,0,0.0,0,True,0.0,0.0,0.0,silent,False,11,0.0,0.0,,,0.0,0.0,-0.03,0.03,0.0,0,0,0.0,0.0,-0.03,0.03,0.0,0.0,0.0,0,0.0
h4_seed509,4,509,silent,best,0,0,00,0,0.0,0,True,0.0,0.0,0.0,silent,False,11,0.0,0.0,,,0.0,0.0,-0.03,0.03,0.0,0,0,0.0,0.0,-0.03,0.03,0.0,0.0,0.0,0,0.0
h4_seed509,4,509,silent,best,1,0,10,1,1.0,1,True,0.0,1.0,1.0,valid,True,11,1.0,0.0,11,,0.03170938044786453,-0.10703592747449875,0.0017093804478645336,0.13703592747449875,0.13874530792236328,11,0,0.03170938044786453,0.0,0.0017093804478645336,0.03,0.3332127332687378,-1.1247692108154297,2.0,2,2.0
h4_seed509,4,509,silent,best,0,1,01,1,0.0,0,False,0.0,0.0,0.0,silent,False,11,0.0,0.0,,,0.0,0.0,-0.03,0.03,0.0,0,0,0.0,0.0,-0.03,0.03,0.0,0.0,0.0,0,0.0
h4_seed509,4,509,silent,best,1,1,11,0,0.0,0,True,0.0,0.0,0.0,silent,False,11,0.0,0.0,,,0.0,0.0,-0.03,0.03,0.0,0,0,0.0,0.0,-0.03,0.03,0.0,0.0,0.0,0,0.0
h4_seed509,4,509,silent,last,0,0,00,0,0.0,0,True,0.0,0.0,0.0,silent,False,11,0.0,0.0,,,0.0,0.0,-0.03,0.03,0.0,0,0,0.0,0.0,-0.03,0.03,0.0,0.0,0.0,0,0.0
h4_seed509,4,509,silent,last,1,0,10,1,1.0,1,True,0.0,1.0,1.0,valid,True,11,1.0,0.0,11,,0.03566993027925491,-0.11830750107765198,0.0056699302792549144,0.14830750107765198,0.1539774313569069,11,0,0.03566993027925491,0.0,0.0056699302792549144,0.03,0.37483152747154236,-1.2432146072387695,1.0,1,1.0
h4_seed509,4,509,silent,last,0,1,01,1,0.0,0,False,0.0,0.0,0.0,silent,False,11,0.0,0.0,,,0.0,0.0,-0.03,0.03,0.0,0,0,0.0,0.0,-0.03,0.03,0.0,0.0,0.0,0,0.0
h4_seed509,4,509,silent,last,1,1,11,0,-1.0,0,True,1.0,0.0,1.0,valid,True,11,1.0,0.0,11,,0.032156117260456085,-0.1551540046930313,0.0021561172604560863,0.1851540046930313,0.1873101219534874,11,0,0.032156117260456085,0.0,0.0021561172604560863,0.03,0.33790719509124756,-1.6304099559783936,1.0,1,1.0
h8_seed107,8,107,silent,best,0,0,00,0,-1.0,0,True,1.0,0.0,1.0,valid,True,11,1.0,0.0,11,,0.030084870755672455,0.001721084350720048,8.487075567245594e-05,0.02827891564927995,0.028363786404952407,11,11,0.030084870755672455,0.001721084350720048,8.487075567245594e-05,0.02827891564927995,0.31614184379577637,0.018085727468132973,1.0,1,1.0
h8_seed107,8,107,silent,best,1,0,10,1,1.0,1,True,0.0,1.0,1.0,valid,True,11,1.0,0.0,11,,0.030784528702497482,-0.03323768079280853,0.0007845287024974834,0.06323768079280853,0.06402220949530602,11,0,0.030784528702497482,0.0,0.0007845287024974834,0.03,0.3234940767288208,-0.34927260875701904,2.0,2,2.0
h8_seed107,8,107,silent,best,0,1,01,1,1.0,1,True,0.0,1.0,1.0,valid,True,11,1.0,0.0,11,,0.03420024737715721,-0.039822567254304886,0.004200247377157212,0.06982256725430488,0.0740228146314621,11,0,0.03420024737715721,0.0,0.004200247377157212,0.03,0.3593875765800476,-0.41846880316734314,1.0,1,1.0
h8_seed107,8,107,silent,best,1,1,11,0,0.0,0,True,0.0,0.0,0.0,silent,False,11,0.0,0.0,,,0.0,0.0,-0.03,0.03,0.0,0,0,0.0,0.0,-0.03,0.03,0.0,0.0,0.0,0,0.0
h8_seed107,8,107,silent,last,0,0,00,0,-1.0,0,True,1.0,0.0,1.0,valid,True,11,1.0,0.0,11,,0.1509149819612503,-0.07175806164741516,0.1209149819612503,0.10175806164741516,0.22267304360866547,11,0,0.1509149819612503,0.0,0.1209149819612503,0.03,1.5858649015426636,-0.7540576457977295,2.0,2,2.0
h8_seed107,8,107,silent,last,1,0,10,1,0.0,0,False,0.0,0.0,0.0,silent,False,11,0.0,0.0,,,0.02999948151409626,-0.0626973882317543,-5.18485903738819e-07,0.0926973882317543,0.09269686974585056,11,0,0.02999948151409626,0.0,-5.18485903738819e-07,0.03,0.31524455547332764,-0.658845067024231,2.0,2,2.0
h8_seed107,8,107,silent,last,0,1,01,1,1.0,1,True,0.0,1.0,1.0,valid,True,11,1.0,0.0,11,,0.04049469158053398,-0.06329747289419174,0.010494691580533982,0.09329747289419174,0.10379216447472572,11,0,0.04049469158053398,0.0,0.010494691580533982,0.03,0.4255317151546478,-0.6651509404182434,1.0,1,1.0
h8_seed107,8,107,silent,last,1,1,11,0,-1.0,0,True,1.0,0.0,1.0,valid,True,11,1.0,0.0,11,,0.09151521325111389,-0.15810196101665497,0.06151521325111389,0.18810196101665497,0.24961717426776886,11,0,0.09151521325111389,0.0,0.06151521325111389,0.03,0.9616723656654358,-1.6613880395889282,1.0,1,1.0
h8_seed211,8,211,silent,best,0,0,00,0,0.0,0,True,0.0,0.0,0.0,silent,False,11,0.0,0.0,,,0.0,0.0,-0.03,0.03,0.0,0,0,0.0,0.0,-0.03,0.03,0.0,0.0,0.0,0,0.0
h8_seed211,8,211,silent,best,1,0,10,1,1.0,1,True,0.0,1.0,1.0,valid,True,11,1.0,0.0,11,,0.10277104377746582,-0.05120726302266121,0.07277104377746582,0.08120726302266121,0.15397830680012703,11,0,0.10277104377746582,0.0,0.07277104377746582,0.03,1.079952359199524,-0.5381029844284058,3.0,3,3.0
h8_seed211,8,211,silent,best,0,1,01,1,0.0,0,False,0.0,0.0,0.0,silent,False,11,0.0,0.0,,,0.0,0.0,-0.03,0.03,0.0,0,0,0.0,0.0,-0.03,0.03,0.0,0.0,0.0,0,0.0
h8_seed211,8,211,silent,best,1,1,11,0,0.0,0,True,0.0,0.0,0.0,silent,False,11,0.0,0.0,,,0.012352503836154938,-0.009277133271098137,-0.01764749616384506,0.039277133271098136,0.021629637107253075,11,0,0.012352503836154938,0.0,-0.01764749616384506,0.03,0.12980422377586365,-0.0974872037768364,1.0,1,1.0
h8_seed211,8,211,silent,last,0,0,00,0,-1.0,0,True,1.0,0.0,1.0,valid,True,11,1.0,0.0,11,,0.15888908505439758,-0.07206663489341736,0.12888908505439758,0.10206663489341736,0.23095571994781494,11,0,0.15888908505439758,0.0,0.12888908505439758,0.03,1.6696594953536987,-0.7573001980781555,2.0,2,2.0
h8_seed211,8,211,silent,last,1,0,10,1,1.0,1,True,0.0,1.0,1.0,valid,True,11,1.0,0.0,11,,0.19213037192821503,-0.2281869500875473,0.16213037192821503,0.25818695008754733,0.42031732201576233,11,10,0.19213037192821503,0.006774024106562138,0.16213037192821503,0.02322597589343786,2.316390037536621,-2.4622740745544434,4.0,4,3.0
h8_seed211,8,211,silent,last,0,1,01,1,0.0,0,False,0.0,0.0,0.0,silent,False,11,0.0,0.0,,,0.0,0.0,-0.03,0.03,0.0,0,0,0.0,0.0,-0.03,0.03,0.0,0.0,0.0,0,0.0
h8_seed211,8,211,silent,last,1,1,11,0,-1.0,0,True,1.0,0.0,1.0,valid,True,11,1.0,0.0,11,,0.09676294773817062,-0.12794259190559387,0.06676294773817062,0.15794259190559387,0.2247055396437645,11,0,0.09676294773817062,0.0,0.06676294773817062,0.03,1.016817331314087,-1.3444633483886719,2.0,2,2.0
h8_seed509,8,509,successful,best,0,0,00,0,-1.0,0,True,1.0,0.0,1.0,valid,True,11,1.0,0.0,11,,0.03865557536482811,-0.10971660912036896,0.00865557536482811,0.13971660912036896,0.14837218448519707,11,0,0.03865557536482811,0.0,0.00865557536482811,0.03,0.4062056839466095,-1.152938723564148,3.0,3,3.0
h8_seed509,8,509,successful,best,1,0,10,1,1.0,1,True,0.0,1.0,1.0,valid,True,11,1.0,0.0,11,,0.056155845522880554,-0.05542575940489769,0.026155845522880555,0.08542575940489769,0.11158160492777824,11,0,0.056155845522880554,0.0,0.026155845522880555,0.03,0.590104341506958,-0.5824323296546936,1.0,1,1.0
h8_seed509,8,509,successful,best,0,1,01,1,1.0,1,True,0.0,1.0,1.0,valid,True,11,1.0,0.0,11,,0.0473705492913723,-0.1554819494485855,0.0173705492913723,0.1854819494485855,0.2028524987399578,11,0,0.0473705492913723,0.0,0.0173705492913723,0.03,0.4977855086326599,-1.633856177330017,2.0,2,2.0
h8_seed509,8,509,successful,best,1,1,11,0,-1.0,0,True,1.0,0.0,1.0,valid,True,11,1.0,0.0,11,,0.05943281948566437,-0.013302761130034924,0.02943281948566437,0.04330276113003492,0.07273558061569929,11,0,0.05943281948566437,0.0,0.02943281948566437,0.03,0.624539852142334,-0.13978984951972961,1.0,1,1.0
h8_seed509,8,509,successful,last,0,0,00,0,-1.0,0,True,1.0,0.0,1.0,valid,True,11,1.0,0.0,11,,0.045159511268138885,-0.1844085156917572,0.015159511268138887,0.2144085156917572,0.2295680269598961,11,0,0.045159511268138885,0.0,0.015159511268138887,0.03,0.4745512008666992,-1.937826156616211,3.0,3,3.0
h8_seed509,8,509,successful,last,1,0,10,1,1.0,1,True,0.0,1.0,1.0,valid,True,11,1.0,0.0,11,,0.1556800752878189,-0.1808336228132248,0.1256800752878189,0.2108336228132248,0.3365136981010437,11,0,0.1556800752878189,0.0,0.1256800752878189,0.03,1.6359381675720215,-1.9002599716186523,2.0,2,2.0
h8_seed509,8,509,successful,last,0,1,01,1,1.0,1,True,0.0,1.0,1.0,valid,True,11,1.0,0.0,11,,0.03193759545683861,-0.18917235732078552,0.001937595456838609,0.21917235732078552,0.22110995277762413,11,0,0.03193759545683861,0.0,0.001937595456838609,0.03,0.33561089634895325,-1.9878861904144287,2.0,2,2.0
h8_seed509,8,509,successful,last,1,1,11,0,-1.0,0,True,1.0,0.0,1.0,valid,True,11,1.0,0.0,11,,0.10012850910425186,-0.05482761934399605,0.07012850910425186,0.08482761934399605,0.1549561284482479,11,0,0.10012850910425186,0.0,0.07012850910425186,0.03,1.052183747291565,-0.5761469006538391,1.0,1,1.0
h12_seed107,12,107,successful,best,0,0,00,0,0.0,0,True,0.0,0.0,0.0,silent,False,11,0.0,0.0,,,0.0,0.0,-0.03,0.03,0.0,0,0,0.0,0.0,-0.03,0.03,0.0,0.0,0.0,0,0.0
h12_seed107,12,107,successful,best,1,0,10,1,1.0,1,True,0.0,1.0,1.0,valid,True,11,1.0,0.0,11,,0.11519769579172134,-0.053962353616952896,0.08519769579172135,0.0839623536169529,0.16916004940867424,11,0,0.11519769579172134,0.0,0.08519769579172135,0.03,1.2105357646942139,-0.5670543909072876,2.0,2,2.0
h12_seed107,12,107,successful,best,0,1,01,1,1.0,1,True,0.0,1.0,1.0,valid,True,11,1.0,0.0,11,,0.04168740287423134,0.006082556210458279,0.01168740287423134,0.02391744378954172,0.03560484666377306,11,11,0.04168740287423134,0.006082556210458279,0.01168740287423134,0.02391744378954172,0.4380651116371155,0.06391752511262894,1.0,1,1.0
h12_seed107,12,107,successful,best,1,1,11,0,-1.0,0,True,1.0,0.0,1.0,valid,True,11,1.0,0.0,11,,0.0629696324467659,-0.052279774099588394,0.0329696324467659,0.08227977409958839,0.1152494065463543,11,0,0.0629696324467659,0.0,0.0329696324467659,0.03,0.6617058515548706,-0.5493732690811157,1.0,1,1.0
h12_seed107,12,107,successful,last,0,0,00,0,-1.0,0,True,1.0,0.0,1.0,valid,True,11,1.0,0.0,11,,0.041565194725990295,-0.07283690571784973,0.011565194725990297,0.10283690571784973,0.11440210044384003,11,0,0.041565194725990295,0.0,0.011565194725990297,0.03,0.4367809295654297,-0.7653944492340088,1.0,1,1.0
h12_seed107,12,107,successful,last,1,0,10,1,1.0,1,True,0.0,1.0,1.0,valid,True,11,1.0,0.0,11,,0.17783844470977783,-0.14991477131843567,0.14783844470977783,0.17991477131843567,0.3277532160282135,11,0,0.17783844470977783,0.0,0.14783844470977783,0.03,1.8687856197357178,-1.5753543376922607,2.0,2,2.0
h12_seed107,12,107,successful,last,0,1,01,1,1.0,1,True,0.0,1.0,1.0,valid,True,11,1.0,0.0,11,,0.10525356233119965,-0.058348219841718674,0.07525356233119965,0.08834821984171867,0.16360178217291832,11,0,0.10525356233119965,0.0,0.07525356233119965,0.03,1.1060395240783691,-0.6131425499916077,1.0,1,1.0
h12_seed107,12,107,successful,last,1,1,11,0,-1.0,0,True,1.0,0.0,1.0,valid,True,11,1.0,0.0,11,,0.10562050342559814,-0.10706356167793274,0.07562050342559815,0.13706356167793274,0.21268406510353088,11,0,0.10562050342559814,0.0,0.07562050342559815,0.03,1.1098954677581787,-1.1250596046447754,1.0,1,1.0
h12_seed211,12,211,collision,best,0,0,00,0,0.0,0,True,0.0,0.0,0.0,silent,False,11,0.0,0.0,,,0.0,0.0,-0.03,0.03,0.0,0,0,0.0,0.0,-0.03,0.03,0.0,0.0,0.0,0,0.0
h12_seed211,12,211,collision,best,1,0,10,1,1.0,1,True,0.0,1.0,1.0,valid,True,11,1.0,0.0,11,,0.09126550704240799,-0.07176785171031952,0.06126550704240799,0.10176785171031952,0.1630333587527275,11,0,0.09126550704240799,0.0,0.06126550704240799,0.03,0.959048330783844,-0.7541605234146118,4.0,4,4.0
h12_seed211,12,211,collision,best,0,1,01,1,1.0,1,True,0.0,1.0,1.0,valid,True,11,1.0,0.0,11,,0.1112283319234848,0.02949443832039833,0.0812283319234848,0.0005055616796016682,0.08173389360308647,11,11,0.1112283319234848,0.02949443832039833,0.0812283319234848,0.0005055616796016682,1.1350466012954712,0.0827576071023941,3.0,3,2.0
h12_seed211,12,211,collision,best,1,1,11,0,0.0,0,True,1.0,1.0,2.0,collision,False,11,1.0,0.0,11,10,0.030552133917808533,0.0,0.0005521339178085338,0.03,0.030552133917808533,11,10,0.030552133917808533,0.07794564962387085,0.0005521339178085338,-0.04794564962387085,0.19955338537693024,0.35329797863960266,3.0,3,1.0
h12_seed211,12,211,collision,last,0,0,00,0,-1.0,0,True,1.0,0.0,1.0,valid,True,11,1.0,0.0,11,,0.042275190353393555,-0.12232859432697296,0.012275190353393556,0.15232859432697296,0.16460378468036652,11,0,0.042275190353393555,0.0,0.012275190353393556,0.03,0.44424179196357727,-1.285469651222229,2.0,2,2.0
h12_seed211,12,211,collision,last,1,0,10,1,1.0,1,True,0.0,1.0,1.0,valid,True,11,1.0,0.0,11,,0.1768767386674881,-0.18628455698490143,0.1468767386674881,0.21628455698490143,0.3631612956523895,11,0,0.1768767386674881,0.0,0.1468767386674881,0.03,1.8586797714233398,-1.9575402736663818,3.0,3,3.0
h12_seed211,12,211,collision,last,0,1,01,1,0.0,0,False,1.0,1.0,2.0,collision,False,11,1.0,0.0,11,10,0.2180747538805008,0.0,0.1880747538805008,0.03,0.2180747538805008,11,10,0.2180747538805008,0.04165411368012428,0.1880747538805008,-0.011654113680124284,2.5834333896636963,-0.581464409828186,5.0,5,4.0
h12_seed211,12,211,collision,last,1,1,11,0,0.0,0,True,1.0,1.0,2.0,collision,False,11,1.0,0.0,11,10,0.05765027552843094,0.0,0.02765027552843094,0.03,0.05765027552843094,11,10,0.05765027552843094,0.12855090200901031,0.02765027552843094,-0.09855090200901032,0.4377153217792511,-0.32252341508865356,3.0,3,1.0
h12_seed509,12,509,successful,best,0,0,00,0,-1.0,0,True,1.0,0.0,1.0,valid,True,11,1.0,0.0,11,,0.1210608035326004,-0.06435606628656387,0.0910608035326004,0.09435606628656387,0.18541686981916428,11,0,0.1210608035326004,0.0,0.0910608035326004,0.03,1.272147297859192,-0.6762750148773193,1.0,1,1.0
h12_seed509,12,509,successful,best,1,0,10,1,1.0,1,True,0.0,1.0,1.0,valid,True,11,1.0,0.0,11,,0.030251210555434227,-0.15969766676425934,0.0002512105554342281,0.18969766676425934,0.18994887731969357,11,0,0.030251210555434227,0.0,0.0002512105554342281,0.03,0.3178898096084595,-1.6781562566757202,1.0,1,1.0
h12_seed509,12,509,successful,best,0,1,01,1,1.0,1,True,0.0,1.0,1.0,valid,True,11,1.0,0.0,11,,0.03561180457472801,-0.10118149220943451,0.005611804574728013,0.1311814922094345,0.13679329678416252,11,0,0.03561180457472801,0.0,0.005611804574728013,0.03,0.37422069907188416,-1.063248872756958,1.0,1,1.0
h12_seed509,12,509,successful,best,1,1,11,0,-1.0,0,True,1.0,0.0,1.0,valid,True,11,1.0,0.0,11,,0.11640791594982147,-0.08060495555400848,0.08640791594982147,0.11060495555400848,0.19701287150382996,11,0,0.11640791594982147,0.0,0.08640791594982147,0.03,1.2232531309127808,-0.8470237255096436,1.0,1,1.0
h12_seed509,12,509,successful,last,0,0,00,0,-1.0,0,True,1.0,0.0,1.0,valid,True,11,1.0,0.0,11,,0.1210608035326004,-0.06435606628656387,0.0910608035326004,0.09435606628656387,0.18541686981916428,11,0,0.1210608035326004,0.0,0.0910608035326004,0.03,1.272147297859192,-0.6762750148773193,1.0,1,1.0
h12_seed509,12,509,successful,last,1,0,10,1,1.0,1,True,0.0,1.0,1.0,valid,True,11,1.0,0.0,11,,0.030251210555434227,-0.15969766676425934,0.0002512105554342281,0.18969766676425934,0.18994887731969357,11,0,0.030251210555434227,0.0,0.0002512105554342281,0.03,0.3178898096084595,-1.6781562566757202,1.0,1,1.0
h12_seed509,12,509,successful,last,0,1,01,1,1.0,1,True,0.0,1.0,1.0,valid,True,11,1.0,0.0,11,,0.03561180457472801,-0.10118149220943451,0.005611804574728013,0.1311814922094345,0.13679329678416252,11,0,0.03561180457472801,0.0,0.005611804574728013,0.03,0.37422069907188416,-1.063248872756958,1.0,1,1.0
h12_seed509,12,509,successful,last,1,1,11,0,-1.0,0,True,1.0,0.0,1.0,valid,True,11,1.0,0.0,11,,0.11640791594982147,-0.08060495555400848,0.08640791594982147,0.11060495555400848,0.19701287150382996,11,0,0.11640791594982147,0.0,0.08640791594982147,0.03,1.2232531309127808,-0.8470237255096436,1.0,1,1.0
h16_seed107,16,107,silent,best,0,0,00,0,0.0,0,True,0.0,0.0,0.0,silent,False,11,0.0,0.0,,,0.0,0.0,-0.03,0.03,0.0,0,0,0.0,0.0,-0.03,0.03,0.0,0.0,0.0,0,0.0
h16_seed107,16,107,silent,best,1,0,10,1,1.0,1,True,0.0,1.0,1.0,valid,True,11,1.0,0.0,11,,0.0953918844461441,-0.09493611752986908,0.0653918844461441,0.12493611752986908,0.19032800197601318,11,0,0.0953918844461441,0.0,0.0653918844461441,0.03,1.0024096965789795,-0.9976203441619873,2.0,2,2.0
h16_seed107,16,107,silent,best,0,1,01,1,1.0,1,True,0.0,1.0,1.0,valid,True,11,1.0,0.0,11,,0.0834946259856224,-0.0011179447174072266,0.05349462598562241,0.031117944717407225,0.08461257070302963,11,0,0.0834946259856224,0.0,0.05349462598562241,0.03,0.8773893713951111,-0.011747735552489758,1.0,1,1.0
h16_seed107,16,107,silent,best,1,1,11,0,0.0,0,True,0.0,0.0,0.0,silent,False,11,0.0,0.0,,,-0.007399726193398237,0.020628521218895912,-0.037399726193398236,0.009371478781104087,-0.02802824741229415,0,11,0.0,0.020628521218895912,-0.03,0.009371478781104087,-0.0777587890625,0.21677137911319733,2.0,2,2.0
h16_seed107,16,107,silent,last,0,0,00,0,-1.0,0,True,1.0,0.0,1.0,valid,True,11,1.0,0.0,11,,0.17466726899147034,-0.2054600864648819,0.14466726899147034,0.2354600864648819,0.38012735545635223,11,0,0.17466726899147034,0.0,0.14466726899147034,0.03,1.8354618549346924,-2.159043073654175,3.0,3,3.0
h16_seed107,16,107,silent,last,1,0,10,1,0.0,0,False,0.0,0.0,0.0,silent,False,11,0.0,0.0,,,-0.02479689195752144,-0.036646272987127304,-0.05479689195752144,0.0666462729871273,0.011849381029605865,0,0,0.0,0.0,-0.03,0.03,-0.26057401299476624,-0.38509124517440796,1.0,1,1.0
h16_seed107,16,107,silent,last,0,1,01,1,1.0,1,True,0.0,1.0,1.0,valid,True,11,1.0,0.0,11,,0.17449362576007843,-0.23237916827201843,0.14449362576007843,0.26237916827201846,0.40687279403209686,11,0,0.17449362576007843,0.0,0.14449362576007843,0.03,1.8336372375488281,-2.441917657852173,3.0,3,3.0
h16_seed107,16,107,silent,last,1,1,11,0,-1.0,0,True,1.0,0.0,1.0,valid,True,11,1.0,0.0,11,,0.08826205879449844,-0.28747326135635376,0.058262058794498445,0.3174732613563538,0.3757353201508522,11,0,0.08826205879449844,0.0,0.058262058794498445,0.03,1.2759320735931396,-2.7850875854492188,4.0,4,3.0
h16_seed211,16,211,silent,best,0,0,00,0,0.0,0,True,0.0,0.0,0.0,silent,False,11,0.0,0.0,,,-0.03600413724780083,-0.003233489114791155,-0.06600413724780083,0.033233489114791154,-0.03277064813300967,0,0,0.0,0.0,-0.03,0.03,-0.37834346294403076,-0.03397858142852783,2.0,2,2.0
h16_seed211,16,211,silent,best,1,0,10,1,1.0,1,True,0.0,1.0,1.0,valid,True,11,0.0,0.0,10,,0.0,-0.007478449493646622,-0.03,0.03747844949364662,0.007478449493646622,10,10,0.030787179246544838,0.003916631918400526,0.0007871792465448391,0.026083368081599473,-0.4510481357574463,-0.11582668125629425,3.0,3,1.0
h16_seed211,16,211,silent,best,0,1,01,1,1.0,1,True,0.0,1.0,1.0,valid,True,11,1.0,0.0,11,,0.1528349667787552,-0.10524322092533112,0.12283496677875519,0.13524322092533111,0.2580781877040863,11,0,0.1528349667787552,0.0,0.12283496677875519,0.03,1.6060407161712646,-1.1059308052062988,3.0,3,3.0
h16_seed211,16,211,silent,best,1,1,11,0,-1.0,0,True,1.0,0.0,1.0,valid,True,11,1.0,0.0,11,,0.031832315027713776,-0.009404287673532963,0.0018323150277137767,0.03940428767353296,0.04123660270124674,11,0,0.031832315027713776,0.0,0.0018323150277137767,0.03,0.059728898108005524,-0.01417800784111023,4.0,4,3.0
h16_seed211,16,211,silent,last,0,0,00,0,-1.0,0,True,1.0,0.0,1.0,valid,True,11,1.0,0.0,11,,0.06871289759874344,-0.18299438059329987,0.03871289759874344,0.21299438059329986,0.2517072781920433,11,0,0.06871289759874344,0.0,0.03871289759874344,0.03,0.7220580577850342,-1.9229658842086792,2.0,2,2.0
h16_seed211,16,211,silent,last,1,0,10,1,0.0,0,False,0.0,0.0,0.0,silent,False,11,0.0,0.0,,,-0.05967813730239868,-0.06902239471673965,-0.08967813730239868,0.09902239471673965,0.009344257414340973,0,0,0.0,0.0,-0.03,0.03,0.061581600457429886,-0.48755648732185364,3.0,3,1.0
h16_seed211,16,211,silent,last,0,1,01,1,1.0,1,True,0.0,1.0,1.0,valid,True,11,1.0,0.0,11,,0.04744243994355202,-0.20341967046260834,0.01744243994355202,0.23341967046260834,0.25086211040616035,11,0,0.04744243994355202,0.0,0.01744243994355202,0.03,0.4985409677028656,-2.137601613998413,2.0,2,2.0
h16_seed211,16,211,silent,last,1,1,11,0,-1.0,0,True,1.0,0.0,1.0,valid,True,11,1.0,0.0,11,,0.10668790340423584,-0.19509418308734894,0.07668790340423584,0.22509418308734894,0.3017820864915848,11,10,0.10668790340423584,9.344198042526841e-05,0.07668790340423584,0.02990655801957473,1.7258539199829102,-2.0510032176971436,5.0,5,3.0
h16_seed509,16,509,successful,best,0,0,00,0,-1.0,0,True,1.0,0.0,1.0,valid,True,11,1.0,0.0,11,,0.06036246940493584,-0.09001687169075012,0.030362469404935838,0.12001687169075012,0.15037934109568596,11,0,0.06036246940493584,0.0,0.030362469404935838,0.03,0.634308934211731,-0.9459272623062134,1.0,1,1.0
h16_seed509,16,509,successful,best,1,0,10,1,1.0,1,True,0.0,1.0,1.0,valid,True,11,1.0,0.0,11,,0.07073643058538437,-0.11022403091192245,0.04073643058538437,0.14022403091192245,0.18096046149730682,11,0,0.07073643058538437,0.0,0.04073643058538437,0.03,0.7433220148086548,-1.1582708358764648,2.0,2,2.0
h16_seed509,16,509,successful,best,0,1,01,1,1.0,1,True,0.0,1.0,1.0,valid,True,11,1.0,0.0,11,,0.06135775148868561,-0.04004767909646034,0.03135775148868561,0.07004767909646034,0.10140543058514595,11,0,0.06135775148868561,0.0,0.03135775148868561,0.03,0.644767701625824,-0.42083436250686646,1.0,1,1.0
h16_seed509,16,509,successful,best,1,1,11,0,-1.0,0,True,1.0,0.0,1.0,valid,True,11,1.0,0.0,11,,0.03299611061811447,-0.101005919277668,0.0029961106181144725,0.131005919277668,0.13400202989578247,11,0,0.03299611061811447,0.0,0.0029961106181144725,0.03,0.34673410654067993,-1.0614038705825806,1.0,1,1.0
h16_seed509,16,509,successful,last,0,0,00,0,-1.0,0,True,1.0,0.0,1.0,valid,True,11,1.0,0.0,11,,0.12019608169794083,-0.23275190591812134,0.09019608169794083,0.26275190591812136,0.35294798761606216,11,0,0.12019608169794083,0.0,0.09019608169794083,0.03,1.263060450553894,-2.4458346366882324,2.0,2,2.0
h16_seed509,16,509,successful,last,1,0,10,1,1.0,1,True,0.0,1.0,1.0,valid,True,11,1.0,0.0,11,,0.03212141618132591,-0.07273561507463455,0.0021214161813259136,0.10273561507463455,0.10485703125596046,11,0,0.03212141618132591,0.0,0.0021214161813259136,0.03,0.3375425338745117,-0.7643300890922546,1.0,1,1.0
h16_seed509,16,509,successful,last,0,1,01,1,1.0,1,True,0.0,1.0,1.0,valid,True,11,1.0,0.0,11,,0.0981728583574295,-0.13291089236736298,0.0681728583574295,0.16291089236736297,0.23108375072479248,11,0,0.0981728583574295,0.0,0.0681728583574295,0.03,1.0316331386566162,-1.396672010421753,2.0,2,2.0
h16_seed509,16,509,successful,last,1,1,11,0,-1.0,0,True,1.0,0.0,1.0,valid,True,11,1.0,0.0,11,,0.042516570538282394,-0.1354176104068756,0.012516570538282396,0.1654176104068756,0.177934180945158,11,0,0.042516570538282394,0.0,0.012516570538282396,0.03,0.4467782974243164,-1.4230133295059204,1.0,1,1.0
h24_seed107,24,107,successful,best,0,0,00,0,-1.0,0,True,1.0,0.0,1.0,valid,True,11,1.0,0.0,11,,0.03360925242304802,0.0025276406668126583,0.0036092524230480205,0.02747235933318734,0.03108161175623536,11,11,0.03360925242304802,0.0025276406668126583,0.0036092524230480205,0.02747235933318734,0.3531772196292877,0.02656129002571106,2.0,2,2.0
h24_seed107,24,107,successful,best,1,0,10,1,1.0,1,True,0.0,1.0,1.0,valid,True,11,1.0,0.0,11,,0.09688955545425415,-0.04856543242931366,0.06688955545425415,0.07856543242931366,0.1454549878835678,11,0,0.09688955545425415,0.0,0.06688955545425415,0.03,1.0181477069854736,-0.5103417634963989,4.0,4,4.0
h24_seed107,24,107,successful,best,0,1,01,1,1.0,1,True,0.0,1.0,1.0,valid,True,11,1.0,0.0,11,,0.032417893409729004,0.00468546524643898,0.002417893409729005,0.02531453475356102,0.027732428163290024,11,10,0.032417893409729004,0.022940613329410553,0.002417893409729005,0.007059386670589446,0.3823119103908539,-0.1688905656337738,4.0,4,3.0
h24_seed107,24,107,successful,best,1,1,11,0,-1.0,0,True,1.0,0.0,1.0,valid,True,11,1.0,0.0,11,,0.0600893571972847,0.026815809309482574,0.0300893571972847,0.0031841906905174244,0.033273547887802124,11,11,0.0600893571972847,0.026815809309482574,0.0300893571972847,0.0031841906905174244,0.6314389705657959,0.2817894518375397,2.0,2,2.0
h24_seed107,24,107,successful,last,0,0,00,0,-1.0,0,True,1.0,0.0,1.0,valid,True,11,1.0,0.0,11,,0.1286376565694809,-0.3888045847415924,0.0986376565694809,0.41880458474159243,0.5174422413110733,11,0,0.1286376565694809,0.0,0.0986376565694809,0.03,1.5585598945617676,-3.7692723274230957,6.0,6,5.0
h24_seed107,24,107,successful,last,1,0,10,1,1.0,1,True,0.0,1.0,1.0,valid,True,11,1.0,0.0,11,,0.2114037275314331,-0.17892593145370483,0.1814037275314331,0.20892593145370483,0.39032965898513794,11,0,0.2114037275314331,0.0,0.1814037275314331,0.03,2.221500873565674,-1.8802132606506348,3.0,3,3.0
h24_seed107,24,107,successful,last,0,1,01,1,1.0,1,True,0.0,1.0,1.0,valid,True,11,1.0,0.0,11,,0.04854608327150345,-0.2031843215227127,0.01854608327150345,0.2331843215227127,0.25173040479421616,11,10,0.04854608327150345,0.0012251099105924368,0.01854608327150345,0.028774890089407562,1.0994006395339966,-2.146777391433716,4.0,4,3.0
h24_seed107,24,107,successful,last,1,1,11,0,-1.0,0,True,1.0,0.0,1.0,valid,True,11,1.0,0.0,11,,0.03840108960866928,-0.16111361980438232,0.008401089608669282,0.19111361980438232,0.1995147094130516,11,0,0.03840108960866928,0.0,0.008401089608669282,0.03,0.39188268780708313,-1.1037733554840088,2.0,2,1.0
h24_seed211,24,211,collision,best,0,0,00,0,0.0,0,True,1.0,1.0,2.0,collision,False,11,1.0,0.0,11,10,0.10425104945898056,0.0,0.07425104945898056,0.03,0.10425104945898056,11,10,0.10425104945898056,0.03235853463411331,0.07425104945898056,-0.002358534634113313,1.0061309337615967,0.640967071056366,3.0,3,2.0
h24_seed211,24,211,collision,best,1,0,10,1,0.0,0,False,1.0,1.0,2.0,collision,False,11,0.0,0.0,10,10,0.0,0.0,-0.03,0.03,0.0,10,10,0.03603677824139595,0.07725193351507187,0.006036778241395951,-0.04725193351507187,0.7347840070724487,-0.6922439336776733,5.0,5,4.0
h24_seed211,24,211,collision,best,0,1,01,1,1.0,1,True,0.0,1.0,1.0,valid,True,11,0.0,0.0,10,,0.0,-0.033180270344018936,-0.03,0.06318027034401894,0.033180270344018936,10,0,0.04123762249946594,0.0,0.011237622499465943,0.03,1.0517077445983887,0.020897269248962402,6.0,6,4.0
h24_seed211,24,211,collision,best,1,1,11,0,0.0,0,True,1.0,1.0,2.0,collision,False,11,1.0,0.0,11,10,0.03057553432881832,0.0,0.0005755343288183223,0.03,0.03057553432881832,11,10,0.03057553432881832,0.06772468239068985,0.0005755343288183223,-0.03772468239068985,0.3917631506919861,0.664077639579773,6.0,6,3.0
h24_seed211,24,211,collision,last,0,0,00,0,-1.0,0,True,1.0,0.0,1.0,valid,True,11,1.0,0.0,11,,0.06999485194683075,-0.13742487132549286,0.03999485194683075,0.16742487132549286,0.2074197232723236,11,0,0.06999485194683075,0.0,0.03999485194683075,0.03,1.1293151378631592,-1.320971131324768,4.0,4,3.0
h24_seed211,24,211,collision,last,1,0,10,1,0.0,0,False,1.0,1.0,2.0,collision,False,11,1.0,0.0,11,10,0.1787084937095642,0.0,0.1487084937095642,0.03,0.1787084937095642,11,10,0.1787084937095642,0.1046503409743309,0.1487084937095642,-0.0746503409743309,2.371534585952759,-1.146344780921936,9.0,9,7.0
h24_seed211,24,211,collision,last,0,1,01,1,1.0,1,True,0.0,1.0,1.0,valid,True,11,1.0,0.0,11,,0.03144781291484833,-0.26250550150871277,0.0014478129148483287,0.2925055015087128,0.2939533144235611,11,0,0.03144781291484833,0.0,0.0014478129148483287,0.03,0.7937007546424866,-2.418516159057617,5.0,5,3.0
h24_seed211,24,211,collision,last,1,1,11,0,-1.0,0,True,1.0,0.0,1.0,valid,True,11,1.0,0.0,11,,0.0889650508761406,-0.1850731521844864,0.058965050876140596,0.2150731521844864,0.274038203060627,11,0,0.0889650508761406,0.0,0.058965050876140596,0.03,2.051417350769043,-1.8721370697021484,7.0,7,5.0
h24_seed509,24,509,successful,best,0,0,00,0,-1.0,0,True,1.0,0.0,1.0,valid,True,11,1.0,0.0,11,,0.035426683723926544,-0.0008371919393539429,0.005426683723926545,0.030837191939353942,0.03626387566328049,11,0,0.035426683723926544,0.0,0.005426683723926545,0.03,0.43949538469314575,0.2068573534488678,2.0,2,1.0
h24_seed509,24,509,successful,best,1,0,10,1,1.0,1,True,0.0,1.0,1.0,valid,True,11,1.0,0.0,11,,0.06211046129465103,-0.03110852651298046,0.03211046129465103,0.06110852651298046,0.09321898780763149,11,0,0.06211046129465103,0.0,0.03211046129465103,0.03,0.8683322668075562,-0.25967878103256226,4.0,4,3.0
h24_seed509,24,509,successful,best,0,1,01,1,1.0,1,True,0.0,1.0,1.0,valid,True,11,1.0,0.0,11,,0.06332479417324066,-0.10617857426404953,0.03332479417324066,0.13617857426404953,0.1695033684372902,11,0,0.06332479417324066,0.0,0.03332479417324066,0.03,0.6654380559921265,-1.1157598495483398,4.0,4,4.0
h24_seed509,24,509,successful,best,1,1,11,0,0.0,0,True,0.0,0.0,0.0,silent,False,11,0.0,0.0,,,0.029668554663658142,-0.030720774084329605,-0.0003314453363418568,0.060720774084329604,0.06038932874798775,11,0,0.029668554663658142,0.0,-0.0003314453363418568,0.03,0.37898704409599304,-0.10716928541660309,4.0,4,3.0
h24_seed509,24,509,successful,last,0,0,00,0,-1.0,0,True,1.0,0.0,1.0,valid,True,11,1.0,0.0,11,,0.10264209657907486,-0.32696637511253357,0.07264209657907486,0.3569663751125336,0.42960847169160843,11,0,0.10264209657907486,0.0,0.07264209657907486,0.03,1.3829392194747925,-2.792372226715088,5.0,5,4.0
h24_seed509,24,509,successful,last,1,0,10,1,1.0,1,True,0.0,1.0,1.0,valid,True,11,1.0,0.0,11,,0.16323621571063995,-0.2580821216106415,0.13323621571063995,0.2880821216106415,0.42131833732128143,11,0,0.16323621571063995,0.0,0.13323621571063995,0.03,2.358839988708496,-2.4076709747314453,5.0,5,4.0
h24_seed509,24,509,successful,last,0,1,01,1,1.0,1,True,0.0,1.0,1.0,valid,True,11,1.0,0.0,11,,0.09380945563316345,-0.29686135053634644,0.06380945563316345,0.32686135053634646,0.3906708061695099,11,0,0.09380945563316345,0.0,0.06380945563316345,0.03,1.6292804479599,-2.815176248550415,6.0,6,5.0
h24_seed509,24,509,successful,last,1,1,11,0,-1.0,0,True,1.0,0.0,1.0,valid,True,11,1.0,0.0,11,,0.09538397938013077,-0.2748267948627472,0.06538397938013077,0.3048267948627472,0.37021077424287796,11,0,0.09538397938013077,0.0,0.06538397938013077,0.03,1.603395938873291,-1.8714773654937744,5.0,5,3.0
